-- POPULATE DB
-- Edificio
insert into Edificio (Ubicacion) values ('81 Farwell Crossing');
insert into Edificio (Ubicacion) values ('565 5th Court');
insert into Edificio (Ubicacion) values ('4637 Knutson Crossing');
insert into Edificio (Ubicacion) values ('2 Glendale Court');
insert into Edificio (Ubicacion) values ('51 Packers Trail');
insert into Edificio (Ubicacion) values ('240 Aberg Circle');
insert into Edificio (Ubicacion) values ('10723 Northland Hill');
insert into Edificio (Ubicacion) values ('72 Burning Wood Terrace');
insert into Edificio (Ubicacion) values ('3 Elka Lane');
insert into Edificio (Ubicacion) values ('0473 Columbus Center');
insert into Edificio (Ubicacion) values ('148 Northwestern Point');
insert into Edificio (Ubicacion) values ('8313 Division Junction');
insert into Edificio (Ubicacion) values ('651 Cherokee Parkway');
insert into Edificio (Ubicacion) values ('658 Tennessee Pass');
insert into Edificio (Ubicacion) values ('25589 New Castle Street');
insert into Edificio (Ubicacion) values ('921 Straubel Street');
insert into Edificio (Ubicacion) values ('05475 Hoard Street');
insert into Edificio (Ubicacion) values ('5 Bartelt Road');
insert into Edificio (Ubicacion) values ('511 Hooker Pass');
insert into Edificio (Ubicacion) values ('7145 Fairfield Court');
-- Piso
insert into Piso (idEdificio, Estatus) values (12, 'Disponible');
insert into Piso (idEdificio, Estatus) values (4, 'Disponible');
insert into Piso (idEdificio, Estatus) values (17, 'Disponible');
insert into Piso (idEdificio, Estatus) values (8, 'Ocupado');
insert into Piso (idEdificio, Estatus) values (9, 'Ocupado');
insert into Piso (idEdificio, Estatus) values (16, 'Ocupado');
insert into Piso (idEdificio, Estatus) values (1, 'Disponible');
insert into Piso (idEdificio, Estatus) values (2, 'Disponible');
insert into Piso (idEdificio, Estatus) values (12, 'Disponible');
insert into Piso (idEdificio, Estatus) values (17, 'Disponible');
insert into Piso (idEdificio, Estatus) values (13, 'Disponible');
insert into Piso (idEdificio, Estatus) values (7, 'Ocupado');
insert into Piso (idEdificio, Estatus) values (3, 'Ocupado');
insert into Piso (idEdificio, Estatus) values (19, 'Disponible');
insert into Piso (idEdificio, Estatus) values (2, 'Ocupado');
insert into Piso (idEdificio, Estatus) values (13, 'Disponible');
insert into Piso (idEdificio, Estatus) values (12, 'Ocupado');
insert into Piso (idEdificio, Estatus) values (18, 'Disponible');
insert into Piso (idEdificio, Estatus) values (20, 'Ocupado');
insert into Piso (idEdificio, Estatus) values (14, 'Ocupado');
insert into Piso (idEdificio, Estatus) values (7, 'Disponible');
insert into Piso (idEdificio, Estatus) values (6, 'Disponible');
insert into Piso (idEdificio, Estatus) values (11, 'Disponible');
insert into Piso (idEdificio, Estatus) values (16, 'Disponible');
insert into Piso (idEdificio, Estatus) values (16, 'Disponible');
insert into Piso (idEdificio, Estatus) values (7, 'Disponible');
insert into Piso (idEdificio, Estatus) values (16, 'Ocupado');
insert into Piso (idEdificio, Estatus) values (18, 'Ocupado');
insert into Piso (idEdificio, Estatus) values (12, 'Ocupado');
insert into Piso (idEdificio, Estatus) values (18, 'Disponible');
insert into Piso (idEdificio, Estatus) values (7, 'Disponible');
insert into Piso (idEdificio, Estatus) values (17, 'Disponible');
insert into Piso (idEdificio, Estatus) values (1, 'Disponible');
insert into Piso (idEdificio, Estatus) values (11, 'Disponible');
insert into Piso (idEdificio, Estatus) values (6, 'Ocupado');
insert into Piso (idEdificio, Estatus) values (14, 'Disponible');
insert into Piso (idEdificio, Estatus) values (20, 'Ocupado');
insert into Piso (idEdificio, Estatus) values (5, 'Ocupado');
insert into Piso (idEdificio, Estatus) values (17, 'Ocupado');
insert into Piso (idEdificio, Estatus) values (15, 'Disponible');
insert into Piso (idEdificio, Estatus) values (6, 'Ocupado');
insert into Piso (idEdificio, Estatus) values (16, 'Ocupado');
insert into Piso (idEdificio, Estatus) values (15, 'Ocupado');
insert into Piso (idEdificio, Estatus) values (8, 'Ocupado');
insert into Piso (idEdificio, Estatus) values (1, 'Ocupado');
insert into Piso (idEdificio, Estatus) values (6, 'Ocupado');
insert into Piso (idEdificio, Estatus) values (8, 'Ocupado');
insert into Piso (idEdificio, Estatus) values (12, 'Ocupado');
insert into Piso (idEdificio, Estatus) values (19, 'Disponible');
insert into Piso (idEdificio, Estatus) values (8, 'Disponible');
insert into Piso (idEdificio, Estatus) values (3, 'Ocupado');
insert into Piso (idEdificio, Estatus) values (20, 'Disponible');
insert into Piso (idEdificio, Estatus) values (7, 'Ocupado');
insert into Piso (idEdificio, Estatus) values (17, 'Ocupado');
insert into Piso (idEdificio, Estatus) values (3, 'Disponible');
insert into Piso (idEdificio, Estatus) values (3, 'Disponible');
insert into Piso (idEdificio, Estatus) values (6, 'Ocupado');
insert into Piso (idEdificio, Estatus) values (13, 'Ocupado');
insert into Piso (idEdificio, Estatus) values (2, 'Ocupado');
insert into Piso (idEdificio, Estatus) values (10, 'Disponible');
insert into Piso (idEdificio, Estatus) values (17, 'Disponible');
insert into Piso (idEdificio, Estatus) values (8, 'Ocupado');
insert into Piso (idEdificio, Estatus) values (19, 'Disponible');
insert into Piso (idEdificio, Estatus) values (2, 'Disponible');
insert into Piso (idEdificio, Estatus) values (20, 'Ocupado');
insert into Piso (idEdificio, Estatus) values (2, 'Disponible');
insert into Piso (idEdificio, Estatus) values (7, 'Ocupado');
insert into Piso (idEdificio, Estatus) values (19, 'Disponible');
insert into Piso (idEdificio, Estatus) values (15, 'Disponible');
insert into Piso (idEdificio, Estatus) values (8, 'Ocupado');
insert into Piso (idEdificio, Estatus) values (3, 'Disponible');
insert into Piso (idEdificio, Estatus) values (5, 'Ocupado');
insert into Piso (idEdificio, Estatus) values (8, 'Disponible');
insert into Piso (idEdificio, Estatus) values (6, 'Disponible');
insert into Piso (idEdificio, Estatus) values (6, 'Ocupado');
insert into Piso (idEdificio, Estatus) values (17, 'Ocupado');
insert into Piso (idEdificio, Estatus) values (9, 'Disponible');
insert into Piso (idEdificio, Estatus) values (9, 'Disponible');
insert into Piso (idEdificio, Estatus) values (6, 'Disponible');
insert into Piso (idEdificio, Estatus) values (3, 'Ocupado');
insert into Piso (idEdificio, Estatus) values (18, 'Disponible');
insert into Piso (idEdificio, Estatus) values (19, 'Ocupado');
insert into Piso (idEdificio, Estatus) values (3, 'Ocupado');
insert into Piso (idEdificio, Estatus) values (12, 'Disponible');
insert into Piso (idEdificio, Estatus) values (2, 'Ocupado');
insert into Piso (idEdificio, Estatus) values (19, 'Ocupado');
insert into Piso (idEdificio, Estatus) values (11, 'Ocupado');
insert into Piso (idEdificio, Estatus) values (1, 'Disponible');
insert into Piso (idEdificio, Estatus) values (19, 'Disponible');
insert into Piso (idEdificio, Estatus) values (20, 'Ocupado');
insert into Piso (idEdificio, Estatus) values (13, 'Disponible');
insert into Piso (idEdificio, Estatus) values (19, 'Disponible');
insert into Piso (idEdificio, Estatus) values (7, 'Disponible');
insert into Piso (idEdificio, Estatus) values (19, 'Ocupado');
insert into Piso (idEdificio, Estatus) values (6, 'Ocupado');
insert into Piso (idEdificio, Estatus) values (12, 'Ocupado');
insert into Piso (idEdificio, Estatus) values (10, 'Ocupado');
insert into Piso (idEdificio, Estatus) values (4, 'Disponible');
insert into Piso (idEdificio, Estatus) values (13, 'Ocupado');
insert into Piso (idEdificio, Estatus) values (19, 'Ocupado');
insert into Piso (idEdificio, Estatus) values (3, 'Ocupado');
insert into Piso (idEdificio, Estatus) values (9, 'Ocupado');
insert into Piso (idEdificio, Estatus) values (1, 'Disponible');
insert into Piso (idEdificio, Estatus) values (4, 'Disponible');
insert into Piso (idEdificio, Estatus) values (5, 'Ocupado');
insert into Piso (idEdificio, Estatus) values (1, 'Ocupado');
insert into Piso (idEdificio, Estatus) values (9, 'Disponible');
insert into Piso (idEdificio, Estatus) values (9, 'Disponible');
insert into Piso (idEdificio, Estatus) values (14, 'Disponible');
insert into Piso (idEdificio, Estatus) values (8, 'Ocupado');
insert into Piso (idEdificio, Estatus) values (3, 'Disponible');
insert into Piso (idEdificio, Estatus) values (8, 'Ocupado');
insert into Piso (idEdificio, Estatus) values (6, 'Disponible');
insert into Piso (idEdificio, Estatus) values (7, 'Disponible');
insert into Piso (idEdificio, Estatus) values (4, 'Ocupado');
insert into Piso (idEdificio, Estatus) values (6, 'Ocupado');
insert into Piso (idEdificio, Estatus) values (14, 'Ocupado');
insert into Piso (idEdificio, Estatus) values (6, 'Disponible');
insert into Piso (idEdificio, Estatus) values (11, 'Ocupado');
insert into Piso (idEdificio, Estatus) values (1, 'Disponible');
insert into Piso (idEdificio, Estatus) values (4, 'Disponible');
insert into Piso (idEdificio, Estatus) values (14, 'Ocupado');
insert into Piso (idEdificio, Estatus) values (9, 'Disponible');
insert into Piso (idEdificio, Estatus) values (9, 'Ocupado');
insert into Piso (idEdificio, Estatus) values (9, 'Ocupado');
insert into Piso (idEdificio, Estatus) values (11, 'Ocupado');
insert into Piso (idEdificio, Estatus) values (14, 'Disponible');
insert into Piso (idEdificio, Estatus) values (10, 'Disponible');
insert into Piso (idEdificio, Estatus) values (4, 'Ocupado');
insert into Piso (idEdificio, Estatus) values (18, 'Ocupado');
insert into Piso (idEdificio, Estatus) values (9, 'Disponible');
insert into Piso (idEdificio, Estatus) values (10, 'Ocupado');
insert into Piso (idEdificio, Estatus) values (14, 'Disponible');
insert into Piso (idEdificio, Estatus) values (10, 'Disponible');
insert into Piso (idEdificio, Estatus) values (19, 'Ocupado');
insert into Piso (idEdificio, Estatus) values (18, 'Disponible');
insert into Piso (idEdificio, Estatus) values (18, 'Ocupado');
insert into Piso (idEdificio, Estatus) values (4, 'Ocupado');
insert into Piso (idEdificio, Estatus) values (12, 'Disponible');
insert into Piso (idEdificio, Estatus) values (13, 'Disponible');
insert into Piso (idEdificio, Estatus) values (19, 'Disponible');
insert into Piso (idEdificio, Estatus) values (11, 'Disponible');
insert into Piso (idEdificio, Estatus) values (12, 'Ocupado');
insert into Piso (idEdificio, Estatus) values (7, 'Ocupado');
insert into Piso (idEdificio, Estatus) values (2, 'Disponible');
insert into Piso (idEdificio, Estatus) values (14, 'Disponible');
insert into Piso (idEdificio, Estatus) values (1, 'Disponible');
insert into Piso (idEdificio, Estatus) values (19, 'Disponible');
insert into Piso (idEdificio, Estatus) values (12, 'Ocupado');
insert into Piso (idEdificio, Estatus) values (9, 'Disponible');
insert into Piso (idEdificio, Estatus) values (17, 'Ocupado');
insert into Piso (idEdificio, Estatus) values (16, 'Ocupado');
insert into Piso (idEdificio, Estatus) values (18, 'Disponible');
insert into Piso (idEdificio, Estatus) values (9, 'Disponible');
insert into Piso (idEdificio, Estatus) values (9, 'Ocupado');
insert into Piso (idEdificio, Estatus) values (3, 'Ocupado');
insert into Piso (idEdificio, Estatus) values (14, 'Ocupado');
insert into Piso (idEdificio, Estatus) values (19, 'Ocupado');
insert into Piso (idEdificio, Estatus) values (6, 'Disponible');
insert into Piso (idEdificio, Estatus) values (14, 'Ocupado');
insert into Piso (idEdificio, Estatus) values (2, 'Ocupado');
insert into Piso (idEdificio, Estatus) values (18, 'Ocupado');
insert into Piso (idEdificio, Estatus) values (7, 'Ocupado');
insert into Piso (idEdificio, Estatus) values (18, 'Ocupado');
insert into Piso (idEdificio, Estatus) values (6, 'Disponible');
insert into Piso (idEdificio, Estatus) values (18, 'Disponible');
insert into Piso (idEdificio, Estatus) values (13, 'Ocupado');
insert into Piso (idEdificio, Estatus) values (3, 'Disponible');
insert into Piso (idEdificio, Estatus) values (9, 'Disponible');
insert into Piso (idEdificio, Estatus) values (17, 'Disponible');
insert into Piso (idEdificio, Estatus) values (9, 'Ocupado');
insert into Piso (idEdificio, Estatus) values (9, 'Ocupado');
insert into Piso (idEdificio, Estatus) values (18, 'Ocupado');
insert into Piso (idEdificio, Estatus) values (1, 'Ocupado');
insert into Piso (idEdificio, Estatus) values (5, 'Disponible');
insert into Piso (idEdificio, Estatus) values (16, 'Ocupado');
insert into Piso (idEdificio, Estatus) values (19, 'Disponible');
insert into Piso (idEdificio, Estatus) values (6, 'Ocupado');
insert into Piso (idEdificio, Estatus) values (1, 'Disponible');
insert into Piso (idEdificio, Estatus) values (2, 'Disponible');
-- Cliente
insert into Cliente (RFC, RazonSocial, Correo, ContactoApellidoPaterno, ContactoApellidoMaterno, ContactoNombre) values ('AaU535953724', 'Zoomlounge', 'rhazeldene0@joomla.org', 'Stolle', 'Hazeldene', 'Angèle');
insert into Cliente (RFC, RazonSocial, Correo, ContactoApellidoPaterno, ContactoApellidoMaterno, ContactoNombre) values ('IKX708051732', 'Topicshots', 'ablasing1@themeforest.net', 'Giacobbo', 'Blasing', 'Illustrée');
insert into Cliente (RFC, RazonSocial, Correo, ContactoApellidoPaterno, ContactoApellidoMaterno, ContactoNombre) values ('Vdr354487311', 'Jabbersphere', 'jbeecheno2@aboutads.info', 'Rable', 'Beecheno', 'Nuó');
insert into Cliente (RFC, RazonSocial, Correo, ContactoApellidoPaterno, ContactoApellidoMaterno, ContactoNombre) values ('JhR951951806', 'Dabfeed', 'gmacquire3@jimdo.com', 'Coat', 'Macquire', 'Marie-noël');
insert into Cliente (RFC, RazonSocial, Correo, ContactoApellidoPaterno, ContactoApellidoMaterno, ContactoNombre) values ('bAe265440742', 'Trudeo', 'gkhan4@zimbio.com', 'Evetts', 'Khan', 'Maïté');
insert into Cliente (RFC, RazonSocial, Correo, ContactoApellidoPaterno, ContactoApellidoMaterno, ContactoNombre) values ('mAw631850560', 'Riffwire', 'lstearnes5@wufoo.com', 'Sandiland', 'Stearnes', 'Ruò');
insert into Cliente (RFC, RazonSocial, Correo, ContactoApellidoPaterno, ContactoApellidoMaterno, ContactoNombre) values ('jZv828982713', 'BlogXS', 'iingrem6@java.com', 'Bollard', 'Ingrem', 'Bénédicte');
insert into Cliente (RFC, RazonSocial, Correo, ContactoApellidoPaterno, ContactoApellidoMaterno, ContactoNombre) values ('WoT975495035', 'Skaboo', 'lcoughlin7@nbcnews.com', 'Kadar', 'Coughlin', 'Maëline');
insert into Cliente (RFC, RazonSocial, Correo, ContactoApellidoPaterno, ContactoApellidoMaterno, ContactoNombre) values ('Opt269510757', 'Meevee', 'cbevir8@prlog.org', 'Pawlett', 'Bevir', 'Néhémie');
insert into Cliente (RFC, RazonSocial, Correo, ContactoApellidoPaterno, ContactoApellidoMaterno, ContactoNombre) values ('HFT814749239', 'Aimbu', 'cberge9@cbslocal.com', 'Shawdforth', 'Berge', 'Tú');
insert into Cliente (RFC, RazonSocial, Correo, ContactoApellidoPaterno, ContactoApellidoMaterno, ContactoNombre) values ('Mib898214552', 'Brainverse', 'hnelsona@sfgate.com', 'Toffel', 'Nelson', 'Lèi');
insert into Cliente (RFC, RazonSocial, Correo, ContactoApellidoPaterno, ContactoApellidoMaterno, ContactoNombre) values ('yYv304242064', 'Yodoo', 'lgoszb@elegantthemes.com', 'McBoyle', 'Gosz', 'Marie-thérèse');
insert into Cliente (RFC, RazonSocial, Correo, ContactoApellidoPaterno, ContactoApellidoMaterno, ContactoNombre) values ('mAh654459821', 'Skiptube', 'kjeggoc@aboutads.info', 'Gouck', 'Jeggo', 'Angélique');
insert into Cliente (RFC, RazonSocial, Correo, ContactoApellidoPaterno, ContactoApellidoMaterno, ContactoNombre) values ('ofA348611205', 'Skinte', 'oohartigand@studiopress.com', 'Greenard', 'O''Hartigan', 'Lén');
insert into Cliente (RFC, RazonSocial, Correo, ContactoApellidoPaterno, ContactoApellidoMaterno, ContactoNombre) values ('huO145304957', 'Topicshots', 'gwalwoode@umich.edu', 'Hargreave', 'Walwood', 'Nadège');
insert into Cliente (RFC, RazonSocial, Correo, ContactoApellidoPaterno, ContactoApellidoMaterno, ContactoNombre) values ('UZi769965645', 'Demivee', 'msutef@archive.org', 'Tutchener', 'Sute', 'Crééz');
insert into Cliente (RFC, RazonSocial, Correo, ContactoApellidoPaterno, ContactoApellidoMaterno, ContactoNombre) values ('XuU124720103', 'Gigashots', 'crevelandg@360.cn', 'Woolager', 'Reveland', 'Cécilia');
insert into Cliente (RFC, RazonSocial, Correo, ContactoApellidoPaterno, ContactoApellidoMaterno, ContactoNombre) values ('Xom630240853', 'Voonyx', 'cmargramh@google.pl', 'Boswood', 'Margram', 'Séverine');
insert into Cliente (RFC, RazonSocial, Correo, ContactoApellidoPaterno, ContactoApellidoMaterno, ContactoNombre) values ('OHR424883927', 'Thoughtstorm', 'maglionei@spiegel.de', 'Dumblton', 'Aglione', 'Lóng');
insert into Cliente (RFC, RazonSocial, Correo, ContactoApellidoPaterno, ContactoApellidoMaterno, ContactoNombre) values ('gvT300256231', 'Kanoodle', 'esokillj@bbb.org', 'McNirlin', 'Sokill', 'Wá');
insert into Cliente (RFC, RazonSocial, Correo, ContactoApellidoPaterno, ContactoApellidoMaterno, ContactoNombre) values ('cMy754114174', 'Jaxworks', 'kebyk@qq.com', 'Clow', 'Eby', 'Cécilia');
insert into Cliente (RFC, RazonSocial, Correo, ContactoApellidoPaterno, ContactoApellidoMaterno, ContactoNombre) values ('kuY148882479', 'Cogibox', 'wgloverl@google.cn', 'Georgiev', 'Glover', 'Mélanie');
insert into Cliente (RFC, RazonSocial, Correo, ContactoApellidoPaterno, ContactoApellidoMaterno, ContactoNombre) values ('CIS705371571', 'Roodel', 'mduleym@joomla.org', 'Fitzsimmons', 'Duley', 'Pénélope');
insert into Cliente (RFC, RazonSocial, Correo, ContactoApellidoPaterno, ContactoApellidoMaterno, ContactoNombre) values ('bQd133519407', 'Thoughtstorm', 'cclynmansn@sohu.com', 'Cess', 'Clynmans', 'Renée');
insert into Cliente (RFC, RazonSocial, Correo, ContactoApellidoPaterno, ContactoApellidoMaterno, ContactoNombre) values ('FMk610548571', 'Thoughtstorm', 'vbleacklyo@storify.com', 'Paterno', 'Bleackly', 'Danièle');
insert into Cliente (RFC, RazonSocial, Correo, ContactoApellidoPaterno, ContactoApellidoMaterno, ContactoNombre) values ('bFa929727089', 'Browsecat', 'tsprowlesp@prnewswire.com', 'Coggon', 'Sprowles', 'Pénélope');
insert into Cliente (RFC, RazonSocial, Correo, ContactoApellidoPaterno, ContactoApellidoMaterno, ContactoNombre) values ('RCQ130496618', 'Flashdog', 'acasboltq@bbc.co.uk', 'Karpets', 'Casbolt', 'Valérie');
insert into Cliente (RFC, RazonSocial, Correo, ContactoApellidoPaterno, ContactoApellidoMaterno, ContactoNombre) values ('Kvr296249251', 'Gabspot', 'rtenchr@princeton.edu', 'Heathcott', 'Tench', 'Nadège');
insert into Cliente (RFC, RazonSocial, Correo, ContactoApellidoPaterno, ContactoApellidoMaterno, ContactoNombre) values ('aJD966134343', 'Roodel', 'sdommerques@jigsy.com', 'Goode', 'Dommerque', 'Eléonore');
insert into Cliente (RFC, RazonSocial, Correo, ContactoApellidoPaterno, ContactoApellidoMaterno, ContactoNombre) values ('lrY272121128', 'Trupe', 'cfrodsamt@sbwire.com', 'Karmel', 'Frodsam', 'Mélia');
insert into Cliente (RFC, RazonSocial, Correo, ContactoApellidoPaterno, ContactoApellidoMaterno, ContactoNombre) values ('GXs601009772', 'Topiczoom', 'harundelu@nydailynews.com', 'Sleaford', 'Arundel', 'Cécile');
insert into Cliente (RFC, RazonSocial, Correo, ContactoApellidoPaterno, ContactoApellidoMaterno, ContactoNombre) values ('JDV063716006', 'Aimbo', 'ebutterfieldv@github.io', 'Bortolozzi', 'Butterfield', 'Géraldine');
insert into Cliente (RFC, RazonSocial, Correo, ContactoApellidoPaterno, ContactoApellidoMaterno, ContactoNombre) values ('WhJ825380534', 'Abata', 'tgossagew@de.vu', 'Eaves', 'Gossage', 'Estée');
insert into Cliente (RFC, RazonSocial, Correo, ContactoApellidoPaterno, ContactoApellidoMaterno, ContactoNombre) values ('PYa181306363', 'Skibox', 'vmcdavidx@redcross.org', 'Stammirs', 'McDavid', 'Andréa');
insert into Cliente (RFC, RazonSocial, Correo, ContactoApellidoPaterno, ContactoApellidoMaterno, ContactoNombre) values ('Vof712159610', 'Tanoodle', 'lcumminey@typepad.com', 'Baumann', 'Cummine', 'Zoé');
insert into Cliente (RFC, RazonSocial, Correo, ContactoApellidoPaterno, ContactoApellidoMaterno, ContactoNombre) values ('Zkc077481063', 'Skilith', 'fgeakez@istockphoto.com', 'Realff', 'Geake', 'Mélia');
insert into Cliente (RFC, RazonSocial, Correo, ContactoApellidoPaterno, ContactoApellidoMaterno, ContactoNombre) values ('ywi415543054', 'Innotype', 'jedling10@walmart.com', 'Balke', 'Edling', 'Anaël');
insert into Cliente (RFC, RazonSocial, Correo, ContactoApellidoPaterno, ContactoApellidoMaterno, ContactoNombre) values ('Nyj094041180', 'Gabtune', 'clenglet11@europa.eu', 'Mill', 'Lenglet', 'Intéressant');
insert into Cliente (RFC, RazonSocial, Correo, ContactoApellidoPaterno, ContactoApellidoMaterno, ContactoNombre) values ('BKU476429574', 'Rooxo', 'tfeldberg12@ed.gov', 'Brounsell', 'Feldberg', 'Rébecca');
insert into Cliente (RFC, RazonSocial, Correo, ContactoApellidoPaterno, ContactoApellidoMaterno, ContactoNombre) values ('VIP712277580', 'Shufflester', 'lsinkinson13@ted.com', 'Mulder', 'Sinkinson', 'Françoise');
insert into Cliente (RFC, RazonSocial, Correo, ContactoApellidoPaterno, ContactoApellidoMaterno, ContactoNombre) values ('Plc950484903', 'Quatz', 'dyeates14@nationalgeographic.com', 'Threadgill', 'Yeates', 'Amélie');
insert into Cliente (RFC, RazonSocial, Correo, ContactoApellidoPaterno, ContactoApellidoMaterno, ContactoNombre) values ('Wgn407385932', 'Thoughtbridge', 'njehaes15@ucsd.edu', 'Authers', 'Jehaes', 'Gisèle');
insert into Cliente (RFC, RazonSocial, Correo, ContactoApellidoPaterno, ContactoApellidoMaterno, ContactoNombre) values ('jYa466598418', 'Quinu', 'ldiperaus16@soup.io', 'O''Rodane', 'Diperaus', 'Yénora');
insert into Cliente (RFC, RazonSocial, Correo, ContactoApellidoPaterno, ContactoApellidoMaterno, ContactoNombre) values ('TDk568181456', 'InnoZ', 'calbion17@list-manage.com', 'Dawes', 'Albion', 'Yú');
insert into Cliente (RFC, RazonSocial, Correo, ContactoApellidoPaterno, ContactoApellidoMaterno, ContactoNombre) values ('JEA279621589', 'Tazz', 'eszymon18@reddit.com', 'Stable', 'Szymon', 'Jú');
insert into Cliente (RFC, RazonSocial, Correo, ContactoApellidoPaterno, ContactoApellidoMaterno, ContactoNombre) values ('aRE777577551', 'Skippad', 'gtowns19@salon.com', 'Neasam', 'Towns', 'Annotée');
insert into Cliente (RFC, RazonSocial, Correo, ContactoApellidoPaterno, ContactoApellidoMaterno, ContactoNombre) values ('lqM312618833', 'Skilith', 'btrewhella1a@reddit.com', 'Dymond', 'Trewhella', 'Estève');
insert into Cliente (RFC, RazonSocial, Correo, ContactoApellidoPaterno, ContactoApellidoMaterno, ContactoNombre) values ('Lkn361027252', 'Topicblab', 'jmckenna1b@ebay.co.uk', 'Alp', 'McKenna', 'Magdalène');
insert into Cliente (RFC, RazonSocial, Correo, ContactoApellidoPaterno, ContactoApellidoMaterno, ContactoNombre) values ('xhX676583109', 'Realbuzz', 'sbaldoni1c@blogger.com', 'Hodcroft', 'Baldoni', 'Loïca');
insert into Cliente (RFC, RazonSocial, Correo, ContactoApellidoPaterno, ContactoApellidoMaterno, ContactoNombre) values ('ltY099702073', 'Yambee', 'dmatkovic1d@sciencedaily.com', 'Priter', 'Matkovic', 'Marie-ève');
insert into Cliente (RFC, RazonSocial, Correo, ContactoApellidoPaterno, ContactoApellidoMaterno, ContactoNombre) values ('saJ262934564', 'Wordify', 'metherington1e@pcworld.com', 'Mattock', 'Etherington', 'Åslög');
insert into Cliente (RFC, RazonSocial, Correo, ContactoApellidoPaterno, ContactoApellidoMaterno, ContactoNombre) values ('okX742105401', 'Fiveclub', 'tbabinski1f@senate.gov', 'Goadsby', 'Babinski', 'Aloïs');
insert into Cliente (RFC, RazonSocial, Correo, ContactoApellidoPaterno, ContactoApellidoMaterno, ContactoNombre) values ('gYc764210854', 'Thoughtbridge', 'rmessager1g@delicious.com', 'Boldero', 'Messager', 'Irène');
insert into Cliente (RFC, RazonSocial, Correo, ContactoApellidoPaterno, ContactoApellidoMaterno, ContactoNombre) values ('VuK267965102', 'Plajo', 'caneley1h@seattletimes.com', 'Darnborough', 'Aneley', 'Simplifiés');
insert into Cliente (RFC, RazonSocial, Correo, ContactoApellidoPaterno, ContactoApellidoMaterno, ContactoNombre) values ('mxU147376820', 'Skipstorm', 'gnoweak1i@mac.com', 'Blancowe', 'Noweak', 'Jú');
insert into Cliente (RFC, RazonSocial, Correo, ContactoApellidoPaterno, ContactoApellidoMaterno, ContactoNombre) values ('Knq437908379', 'Meedoo', 'crichardot1j@ihg.com', 'Jeffray', 'Richardot', 'Aimée');
insert into Cliente (RFC, RazonSocial, Correo, ContactoApellidoPaterno, ContactoApellidoMaterno, ContactoNombre) values ('NuP312803727', 'Skiptube', 'lcaldeiro1k@ebay.com', 'Gotmann', 'Caldeiro', 'Anaïs');
insert into Cliente (RFC, RazonSocial, Correo, ContactoApellidoPaterno, ContactoApellidoMaterno, ContactoNombre) values ('wfG331425040', 'Thoughtblab', 'vjoreau1l@usnews.com', 'Cadwaladr', 'Joreau', 'Adélaïde');
insert into Cliente (RFC, RazonSocial, Correo, ContactoApellidoPaterno, ContactoApellidoMaterno, ContactoNombre) values ('UGP449042133', 'Divavu', 'rballsdon1m@over-blog.com', 'Das', 'Ballsdon', 'Mén');
insert into Cliente (RFC, RazonSocial, Correo, ContactoApellidoPaterno, ContactoApellidoMaterno, ContactoNombre) values ('ixc400805003', 'Innojam', 'wkelsell1n@squidoo.com', 'Sibbson', 'Kelsell', 'Alizée');
insert into Cliente (RFC, RazonSocial, Correo, ContactoApellidoPaterno, ContactoApellidoMaterno, ContactoNombre) values ('DnP538600031', 'Wikido', 'bheliet1o@amazon.de', 'Lyptrade', 'Heliet', 'Anaëlle');
insert into Cliente (RFC, RazonSocial, Correo, ContactoApellidoPaterno, ContactoApellidoMaterno, ContactoNombre) values ('xIX432202938', 'Zoonder', 'sstapforth1p@bigcartel.com', 'Siderfin', 'Stapforth', 'Görel');
insert into Cliente (RFC, RazonSocial, Correo, ContactoApellidoPaterno, ContactoApellidoMaterno, ContactoNombre) values ('sRe983490329', 'Topicblab', 'kmeeland1q@pcworld.com', 'Oliva', 'Meeland', 'Clémentine');
insert into Cliente (RFC, RazonSocial, Correo, ContactoApellidoPaterno, ContactoApellidoMaterno, ContactoNombre) values ('YSD864828518', 'Realmix', 'mstainland1r@cdbaby.com', 'Jordeson', 'Stainland', 'Andréanne');
insert into Cliente (RFC, RazonSocial, Correo, ContactoApellidoPaterno, ContactoApellidoMaterno, ContactoNombre) values ('IaR345515329', 'Dynabox', 'jcorish1s@moonfruit.com', 'Humbles', 'Corish', 'Yè');
insert into Cliente (RFC, RazonSocial, Correo, ContactoApellidoPaterno, ContactoApellidoMaterno, ContactoNombre) values ('MYG340428458', 'Lajo', 'lleyzell1t@naver.com', 'Bette', 'Leyzell', 'Mégane');
insert into Cliente (RFC, RazonSocial, Correo, ContactoApellidoPaterno, ContactoApellidoMaterno, ContactoNombre) values ('eos679958705', 'Wikizz', 'mbanks1u@moonfruit.com', 'Barbera', 'Banks', 'Pål');
insert into Cliente (RFC, RazonSocial, Correo, ContactoApellidoPaterno, ContactoApellidoMaterno, ContactoNombre) values ('OhP569790413', 'Realblab', 'yfolca1v@alexa.com', 'Gorey', 'Folca', 'Styrbjörn');
insert into Cliente (RFC, RazonSocial, Correo, ContactoApellidoPaterno, ContactoApellidoMaterno, ContactoNombre) values ('CJQ391150235', 'Wordify', 'wpray1w@blogger.com', 'Sinncock', 'Pray', 'Mélia');
insert into Cliente (RFC, RazonSocial, Correo, ContactoApellidoPaterno, ContactoApellidoMaterno, ContactoNombre) values ('dmU669353960', 'Mynte', 'rgeockle1x@cbslocal.com', 'Mercik', 'Geockle', 'Léana');
insert into Cliente (RFC, RazonSocial, Correo, ContactoApellidoPaterno, ContactoApellidoMaterno, ContactoNombre) values ('qOr911809140', 'Dabjam', 'fburns1y@linkedin.com', 'Tweedie', 'Burns', 'Bérangère');
insert into Cliente (RFC, RazonSocial, Correo, ContactoApellidoPaterno, ContactoApellidoMaterno, ContactoNombre) values ('PKa198099467', 'Browsezoom', 'cklosterman1z@sphinn.com', 'Merryweather', 'Klosterman', 'Anaëlle');
insert into Cliente (RFC, RazonSocial, Correo, ContactoApellidoPaterno, ContactoApellidoMaterno, ContactoNombre) values ('JuK773226675', 'Feedspan', 'grawdales20@addtoany.com', 'Thomas', 'Rawdales', 'Wá');
insert into Cliente (RFC, RazonSocial, Correo, ContactoApellidoPaterno, ContactoApellidoMaterno, ContactoNombre) values ('UWS155498961', 'Rhyloo', 'prevely21@squidoo.com', 'Tippler', 'Revely', 'Vérane');
insert into Cliente (RFC, RazonSocial, Correo, ContactoApellidoPaterno, ContactoApellidoMaterno, ContactoNombre) values ('Nfh040657355', 'Browseblab', 'mclint22@purevolume.com', 'Twiname', 'Clint', 'Bérangère');
insert into Cliente (RFC, RazonSocial, Correo, ContactoApellidoPaterno, ContactoApellidoMaterno, ContactoNombre) values ('OoT768320333', 'Reallinks', 'mswiffan23@time.com', 'Hoodlass', 'Swiffan', 'Dorothée');
insert into Cliente (RFC, RazonSocial, Correo, ContactoApellidoPaterno, ContactoApellidoMaterno, ContactoNombre) values ('dSj450659458', 'Twitterbeat', 'smoreinu24@soundcloud.com', 'McInility', 'Moreinu', 'Fèi');
insert into Cliente (RFC, RazonSocial, Correo, ContactoApellidoPaterno, ContactoApellidoMaterno, ContactoNombre) values ('FSl042858455', 'Skyvu', 'pbaltrushaitis25@columbia.edu', 'Denmead', 'Baltrushaitis', 'Angélique');
insert into Cliente (RFC, RazonSocial, Correo, ContactoApellidoPaterno, ContactoApellidoMaterno, ContactoNombre) values ('Uzy111644606', 'Zoozzy', 'gmcilmorow26@xrea.com', 'Wicher', 'McIlmorow', 'Ophélie');
insert into Cliente (RFC, RazonSocial, Correo, ContactoApellidoPaterno, ContactoApellidoMaterno, ContactoNombre) values ('Hej103238667', 'Dynabox', 'cclemmensen27@sitemeter.com', 'Nussey', 'Clemmensen', 'Ráo');
insert into Cliente (RFC, RazonSocial, Correo, ContactoApellidoPaterno, ContactoApellidoMaterno, ContactoNombre) values ('sZT945949003', 'Mydeo', 'kgunbie28@ft.com', 'MacAnespie', 'Gunbie', 'Léandre');
insert into Cliente (RFC, RazonSocial, Correo, ContactoApellidoPaterno, ContactoApellidoMaterno, ContactoNombre) values ('TjC911591895', 'Jaloo', 'doliveti29@bloglines.com', 'Peret', 'Oliveti', 'Angèle');
insert into Cliente (RFC, RazonSocial, Correo, ContactoApellidoPaterno, ContactoApellidoMaterno, ContactoNombre) values ('JuZ065381688', 'Twitterworks', 'ivokins2a@ask.com', 'Brattell', 'Vokins', 'Cloé');
insert into Cliente (RFC, RazonSocial, Correo, ContactoApellidoPaterno, ContactoApellidoMaterno, ContactoNombre) values ('dpb844781527', 'Babbleset', 'hisard2b@mit.edu', 'Crumby', 'Isard', 'Marie-françoise');
insert into Cliente (RFC, RazonSocial, Correo, ContactoApellidoPaterno, ContactoApellidoMaterno, ContactoNombre) values ('OIF088566748', 'Quatz', 'jgladwin2c@photobucket.com', 'Evamy', 'Gladwin', 'Daphnée');
insert into Cliente (RFC, RazonSocial, Correo, ContactoApellidoPaterno, ContactoApellidoMaterno, ContactoNombre) values ('OQJ227181175', 'Lajo', 'nornillos2d@hostgator.com', 'Dorkin', 'Ornillos', 'Eugénie');
insert into Cliente (RFC, RazonSocial, Correo, ContactoApellidoPaterno, ContactoApellidoMaterno, ContactoNombre) values ('sZn529867244', 'Mybuzz', 'bhulles2e@whitehouse.gov', 'Southon', 'Hulles', 'Alizée');
insert into Cliente (RFC, RazonSocial, Correo, ContactoApellidoPaterno, ContactoApellidoMaterno, ContactoNombre) values ('pOf801211999', 'Camido', 'lmoth2f@ovh.net', 'Payn', 'Moth', 'Cléa');
insert into Cliente (RFC, RazonSocial, Correo, ContactoApellidoPaterno, ContactoApellidoMaterno, ContactoNombre) values ('bXi884341379', 'Skajo', 'vberriman2g@google.com.au', 'Woodwing', 'Berriman', 'Hélène');
insert into Cliente (RFC, RazonSocial, Correo, ContactoApellidoPaterno, ContactoApellidoMaterno, ContactoNombre) values ('GAQ318379916', 'BlogXS', 'lwhenman2h@last.fm', 'Joly', 'Whenman', 'Félicie');
insert into Cliente (RFC, RazonSocial, Correo, ContactoApellidoPaterno, ContactoApellidoMaterno, ContactoNombre) values ('VmD950446063', 'Realcube', 'smccurt2i@indiegogo.com', 'Hatje', 'McCurt', 'Eléonore');
insert into Cliente (RFC, RazonSocial, Correo, ContactoApellidoPaterno, ContactoApellidoMaterno, ContactoNombre) values ('VZM788347865', 'Twitterbridge', 'gdalli2j@ucsd.edu', 'Pettifer', 'Dalli', 'Loïca');
insert into Cliente (RFC, RazonSocial, Correo, ContactoApellidoPaterno, ContactoApellidoMaterno, ContactoNombre) values ('Kaz983313510', 'Meevee', 'bshanklin2k@yolasite.com', 'Trosdall', 'Shanklin', 'Nadège');
insert into Cliente (RFC, RazonSocial, Correo, ContactoApellidoPaterno, ContactoApellidoMaterno, ContactoNombre) values ('RxB833775826', 'Jabberstorm', 'jpell2l@mtv.com', 'Megroff', 'Pell', 'Dù');
insert into Cliente (RFC, RazonSocial, Correo, ContactoApellidoPaterno, ContactoApellidoMaterno, ContactoNombre) values ('uwA215944022', 'Yodoo', 'kmckevitt2m@dropbox.com', 'Bosley', 'McKevitt', 'Solène');
insert into Cliente (RFC, RazonSocial, Correo, ContactoApellidoPaterno, ContactoApellidoMaterno, ContactoNombre) values ('dkH021449203', 'Chatterpoint', 'msamett2n@wikipedia.org', 'Chinge de Hals', 'Samett', 'Eléa');
insert into Cliente (RFC, RazonSocial, Correo, ContactoApellidoPaterno, ContactoApellidoMaterno, ContactoNombre) values ('NEJ173919119', 'Topicblab', 'sheild2o@taobao.com', 'Caird', 'Heild', 'Börje');
insert into Cliente (RFC, RazonSocial, Correo, ContactoApellidoPaterno, ContactoApellidoMaterno, ContactoNombre) values ('Qlz703414675', 'Skimia', 'mhellings2p@loc.gov', 'Mannering', 'Hellings', 'Véronique');
insert into Cliente (RFC, RazonSocial, Correo, ContactoApellidoPaterno, ContactoApellidoMaterno, ContactoNombre) values ('Fyv293510827', 'Photospace', 'byetton2q@cocolog-nifty.com', 'Phipp', 'Yetton', 'Vénus');
insert into Cliente (RFC, RazonSocial, Correo, ContactoApellidoPaterno, ContactoApellidoMaterno, ContactoNombre) values ('sCY477422429', 'Linklinks', 'splanks2r@g.co', 'Faughey', 'Planks', 'Léonie');
insert into Cliente (RFC, RazonSocial, Correo, ContactoApellidoPaterno, ContactoApellidoMaterno, ContactoNombre) values ('zob633281057', 'Zava', 'kcullimore2s@comcast.net', 'Deabill', 'Cullimore', 'Nuó');
insert into Cliente (RFC, RazonSocial, Correo, ContactoApellidoPaterno, ContactoApellidoMaterno, ContactoNombre) values ('Ibl005630276', 'Ooba', 'sservis2t@i2i.jp', 'Boatwright', 'Servis', 'Mén');
insert into Cliente (RFC, RazonSocial, Correo, ContactoApellidoPaterno, ContactoApellidoMaterno, ContactoNombre) values ('uyd182427135', 'Fadeo', 'bgoreisr2u@weather.com', 'Crutchley', 'Goreisr', 'Táng');
insert into Cliente (RFC, RazonSocial, Correo, ContactoApellidoPaterno, ContactoApellidoMaterno, ContactoNombre) values ('Kaj361673972', 'Abata', 'eandroli2v@toplist.cz', 'Farmloe', 'Androli', 'Réservés');
insert into Cliente (RFC, RazonSocial, Correo, ContactoApellidoPaterno, ContactoApellidoMaterno, ContactoNombre) values ('kvM635309091', 'Feedspan', 'pshovlar2w@technorati.com', 'Kalderon', 'Shovlar', 'Irène');
insert into Cliente (RFC, RazonSocial, Correo, ContactoApellidoPaterno, ContactoApellidoMaterno, ContactoNombre) values ('DLC226470823', 'Jamia', 'rlosebie2x@salon.com', 'Gorry', 'Losebie', 'Pål');
insert into Cliente (RFC, RazonSocial, Correo, ContactoApellidoPaterno, ContactoApellidoMaterno, ContactoNombre) values ('lBS478761159', 'Feedmix', 'cmurthwaite2y@themeforest.net', 'Muncer', 'Murthwaite', 'Maëlys');
insert into Cliente (RFC, RazonSocial, Correo, ContactoApellidoPaterno, ContactoApellidoMaterno, ContactoNombre) values ('OhY240892300', 'Voonte', 'jroseblade2z@netvibes.com', 'Perigo', 'Roseblade', 'Hélèna');
insert into Cliente (RFC, RazonSocial, Correo, ContactoApellidoPaterno, ContactoApellidoMaterno, ContactoNombre) values ('ciT387034924', 'Gabtune', 'mhaygreen30@answers.com', 'Ivory', 'Haygreen', 'Solène');
insert into Cliente (RFC, RazonSocial, Correo, ContactoApellidoPaterno, ContactoApellidoMaterno, ContactoNombre) values ('bfI296063057', 'Yodel', 'otoomer31@reuters.com', 'Peile', 'Toomer', 'Vérane');
insert into Cliente (RFC, RazonSocial, Correo, ContactoApellidoPaterno, ContactoApellidoMaterno, ContactoNombre) values ('ueE848522707', 'Kwimbee', 'rsandercock32@vistaprint.com', 'Leger', 'Sandercock', 'Rébecca');
insert into Cliente (RFC, RazonSocial, Correo, ContactoApellidoPaterno, ContactoApellidoMaterno, ContactoNombre) values ('vxH463040837', 'Aimbo', 'lgillanders33@elegantthemes.com', 'Pesak', 'Gillanders', 'Lauréna');
insert into Cliente (RFC, RazonSocial, Correo, ContactoApellidoPaterno, ContactoApellidoMaterno, ContactoNombre) values ('gIN777800293', 'Jaxnation', 'hfrankum34@pcworld.com', 'Gilson', 'Frankum', 'Adélaïde');
insert into Cliente (RFC, RazonSocial, Correo, ContactoApellidoPaterno, ContactoApellidoMaterno, ContactoNombre) values ('ckw569337843', 'Yodoo', 'cgosforth35@jigsy.com', 'Coutts', 'Gosforth', 'Kallisté');
insert into Cliente (RFC, RazonSocial, Correo, ContactoApellidoPaterno, ContactoApellidoMaterno, ContactoNombre) values ('nNq818763150', 'Brainsphere', 'dgrouvel36@godaddy.com', 'Stoeck', 'Grouvel', 'Mélanie');
insert into Cliente (RFC, RazonSocial, Correo, ContactoApellidoPaterno, ContactoApellidoMaterno, ContactoNombre) values ('Ewb741969526', 'Divavu', 'rtregea37@si.edu', 'Bawdon', 'Tregea', 'Agnès');
insert into Cliente (RFC, RazonSocial, Correo, ContactoApellidoPaterno, ContactoApellidoMaterno, ContactoNombre) values ('TAF310588307', 'Zoomlounge', 'tmcaw38@hud.gov', 'Rattrie', 'McAw', 'Irène');
insert into Cliente (RFC, RazonSocial, Correo, ContactoApellidoPaterno, ContactoApellidoMaterno, ContactoNombre) values ('MmH530634560', 'Trupe', 'jgoadby39@wikipedia.org', 'Chanter', 'Goadby', 'Marie-noël');
insert into Cliente (RFC, RazonSocial, Correo, ContactoApellidoPaterno, ContactoApellidoMaterno, ContactoNombre) values ('lHK568878258', 'Aimbu', 'rwattingham3a@gravatar.com', 'Doxsey', 'Wattingham', 'Océanne');
insert into Cliente (RFC, RazonSocial, Correo, ContactoApellidoPaterno, ContactoApellidoMaterno, ContactoNombre) values ('fFL777875503', 'DabZ', 'rthurling3b@state.gov', 'Grigoletti', 'Thurling', 'Pélagie');
-- Cliente Telefono
insert into ClienteTelefono (RFC, Telefono) values ('Knq437908379 ', '7151887593');
insert into ClienteTelefono (RFC, Telefono) values ('lBS478761159 ', '1522156798');
insert into ClienteTelefono (RFC, Telefono) values ('xIX432202938 ', '1999776860');
insert into ClienteTelefono (RFC, Telefono) values ('lqM312618833 ', '1541327468');
insert into ClienteTelefono (RFC, Telefono) values ('sCY477422429 ', '1653329490');
insert into ClienteTelefono (RFC, Telefono) values ('IKX708051732 ', '9597616547');
insert into ClienteTelefono (RFC, Telefono) values ('Fyv293510827 ', '1972681722');
insert into ClienteTelefono (RFC, Telefono) values ('UZi769965645 ', '5005924347');
insert into ClienteTelefono (RFC, Telefono) values ('Opt269510757 ', '4199226352');
insert into ClienteTelefono (RFC, Telefono) values ('TAF310588307 ', '2609100921');
insert into ClienteTelefono (RFC, Telefono) values ('sRe983490329 ', '8109735498');
insert into ClienteTelefono (RFC, Telefono) values ('dSj450659458 ', '1217089845');
insert into ClienteTelefono (RFC, Telefono) values ('IKX708051732 ', '5964439409');
insert into ClienteTelefono (RFC, Telefono) values ('Kaj361673972 ', '3532619144');
insert into ClienteTelefono (RFC, Telefono) values ('Nfh040657355 ', '6525180556');
insert into ClienteTelefono (RFC, Telefono) values ('bXi884341379 ', '2134444785');
insert into ClienteTelefono (RFC, Telefono) values ('TjC911591895 ', '9724202012');
insert into ClienteTelefono (RFC, Telefono) values ('OHR424883927 ', '4411759707');
insert into ClienteTelefono (RFC, Telefono) values ('GXs601009772 ', '6669597288');
insert into ClienteTelefono (RFC, Telefono) values ('FSl042858455 ', '8176510206');
insert into ClienteTelefono (RFC, Telefono) values ('aJD966134343 ', '8408424110');
insert into ClienteTelefono (RFC, Telefono) values ('ueE848522707 ', '5181870934');
insert into ClienteTelefono (RFC, Telefono) values ('Fyv293510827 ', '5177262129');
insert into ClienteTelefono (RFC, Telefono) values ('ofA348611205 ', '8384439454');
insert into ClienteTelefono (RFC, Telefono) values ('Ewb741969526 ', '7245966503');
insert into ClienteTelefono (RFC, Telefono) values ('lrY272121128 ', '8823036778');
insert into ClienteTelefono (RFC, Telefono) values ('dSj450659458 ', '1877247003');
insert into ClienteTelefono (RFC, Telefono) values ('Fyv293510827 ', '3775583923');
insert into ClienteTelefono (RFC, Telefono) values ('XuU124720103 ', '5379940496');
insert into ClienteTelefono (RFC, Telefono) values ('OhY240892300 ', '7338131716');
insert into ClienteTelefono (RFC, Telefono) values ('RxB833775826 ', '6429419250');
insert into ClienteTelefono (RFC, Telefono) values ('vxH463040837 ', '5332381379');
insert into ClienteTelefono (RFC, Telefono) values ('UZi769965645 ', '5985317225');
insert into ClienteTelefono (RFC, Telefono) values ('sRe983490329 ', '9248582558');
insert into ClienteTelefono (RFC, Telefono) values ('WoT975495035 ', '3844741165');
insert into ClienteTelefono (RFC, Telefono) values ('mxU147376820 ', '5631690229');
insert into ClienteTelefono (RFC, Telefono) values ('BKU476429574 ', '8884415545');
insert into ClienteTelefono (RFC, Telefono) values ('xIX432202938 ', '4815118090');
insert into ClienteTelefono (RFC, Telefono) values ('Zkc077481063 ', '4375694765');
insert into ClienteTelefono (RFC, Telefono) values ('Nfh040657355 ', '3151184039');
insert into ClienteTelefono (RFC, Telefono) values ('OhY240892300 ', '9685825497');
insert into ClienteTelefono (RFC, Telefono) values ('Qlz703414675 ', '3273353005');
insert into ClienteTelefono (RFC, Telefono) values ('bFa929727089 ', '4135834682');
insert into ClienteTelefono (RFC, Telefono) values ('sZn529867244 ', '5954521775');
insert into ClienteTelefono (RFC, Telefono) values ('sZT945949003 ', '7823129349');
insert into ClienteTelefono (RFC, Telefono) values ('GAQ318379916 ', '1849747860');
insert into ClienteTelefono (RFC, Telefono) values ('VIP712277580 ', '3508637799');
insert into ClienteTelefono (RFC, Telefono) values ('JDV063716006 ', '5558431181');
insert into ClienteTelefono (RFC, Telefono) values ('cMy754114174 ', '7614149197');
insert into ClienteTelefono (RFC, Telefono) values ('Ibl005630276 ', '5941650663');
insert into ClienteTelefono (RFC, Telefono) values ('Vdr354487311 ', '1461438985');
insert into ClienteTelefono (RFC, Telefono) values ('gYc764210854 ', '1889904424');
insert into ClienteTelefono (RFC, Telefono) values ('PKa198099467 ', '8748213716');
insert into ClienteTelefono (RFC, Telefono) values ('sCY477422429 ', '3804538397');
insert into ClienteTelefono (RFC, Telefono) values ('okX742105401 ', '8932355549');
insert into ClienteTelefono (RFC, Telefono) values ('RxB833775826 ', '2638244392');
insert into ClienteTelefono (RFC, Telefono) values ('UZi769965645 ', '7215328706');
insert into ClienteTelefono (RFC, Telefono) values ('DLC226470823 ', '4095620396');
insert into ClienteTelefono (RFC, Telefono) values ('RxB833775826 ', '9479823963');
insert into ClienteTelefono (RFC, Telefono) values ('lrY272121128 ', '6079821462');
insert into ClienteTelefono (RFC, Telefono) values ('zob633281057 ', '1485988086');
insert into ClienteTelefono (RFC, Telefono) values ('HFT814749239 ', '4481059958');
insert into ClienteTelefono (RFC, Telefono) values ('DLC226470823 ', '9812363953');
insert into ClienteTelefono (RFC, Telefono) values ('lrY272121128 ', '2425713643');
insert into ClienteTelefono (RFC, Telefono) values ('JuK773226675 ', '4271955730');
insert into ClienteTelefono (RFC, Telefono) values ('yYv304242064 ', '5412998721');
insert into ClienteTelefono (RFC, Telefono) values ('uyd182427135 ', '2517497937');
insert into ClienteTelefono (RFC, Telefono) values ('PKa198099467 ', '7758027968');
insert into ClienteTelefono (RFC, Telefono) values ('sZn529867244 ', '8622575811');
insert into ClienteTelefono (RFC, Telefono) values ('NEJ173919119 ', '1267391036');
insert into ClienteTelefono (RFC, Telefono) values ('ywi415543054 ', '3292278789');
insert into ClienteTelefono (RFC, Telefono) values ('gYc764210854 ', '4622592052');
insert into ClienteTelefono (RFC, Telefono) values ('sCY477422429 ', '4704190087');
insert into ClienteTelefono (RFC, Telefono) values ('zob633281057 ', '2989100863');
insert into ClienteTelefono (RFC, Telefono) values ('MYG340428458 ', '3022001318');
insert into ClienteTelefono (RFC, Telefono) values ('Opt269510757 ', '6715404565');
insert into ClienteTelefono (RFC, Telefono) values ('FMk610548571 ', '1894864091');
insert into ClienteTelefono (RFC, Telefono) values ('mAh654459821 ', '8311859065');
insert into ClienteTelefono (RFC, Telefono) values ('eos679958705 ', '1128236683');
insert into ClienteTelefono (RFC, Telefono) values ('PKa198099467 ', '8232409205');
insert into ClienteTelefono (RFC, Telefono) values ('GXs601009772 ', '4795039944');
insert into ClienteTelefono (RFC, Telefono) values ('Qlz703414675 ', '8231267805');
insert into ClienteTelefono (RFC, Telefono) values ('Fyv293510827 ', '5984212008');
insert into ClienteTelefono (RFC, Telefono) values ('Nfh040657355 ', '1071194806');
insert into ClienteTelefono (RFC, Telefono) values ('DLC226470823 ', '7383919836');
insert into ClienteTelefono (RFC, Telefono) values ('sZT945949003 ', '5717727335');
insert into ClienteTelefono (RFC, Telefono) values ('Ibl005630276 ', '5603391345');
insert into ClienteTelefono (RFC, Telefono) values ('Nfh040657355 ', '5666618357');
insert into ClienteTelefono (RFC, Telefono) values ('Hej103238667 ', '8079728450');
insert into ClienteTelefono (RFC, Telefono) values ('Qlz703414675 ', '6693633159');
insert into ClienteTelefono (RFC, Telefono) values ('Lkn361027252 ', '7096401750');
insert into ClienteTelefono (RFC, Telefono) values ('aRE777577551 ', '9197611289');
insert into ClienteTelefono (RFC, Telefono) values ('Qlz703414675 ', '2624554795');
insert into ClienteTelefono (RFC, Telefono) values ('dkH021449203 ', '6392510537');
insert into ClienteTelefono (RFC, Telefono) values ('uyd182427135 ', '3626636137');
insert into ClienteTelefono (RFC, Telefono) values ('Wgn407385932 ', '7013581453');
insert into ClienteTelefono (RFC, Telefono) values ('aRE777577551 ', '6926372495');
insert into ClienteTelefono (RFC, Telefono) values ('cMy754114174 ', '2796347227');
insert into ClienteTelefono (RFC, Telefono) values ('ofA348611205 ', '3721216184');
insert into ClienteTelefono (RFC, Telefono) values ('Lkn361027252 ', '4132017694');
insert into ClienteTelefono (RFC, Telefono) values ('Fyv293510827 ', '1495445162');
insert into ClienteTelefono (RFC, Telefono) values ('UGP449042133 ', '8037128220');
insert into ClienteTelefono (RFC, Telefono) values ('BKU476429574 ', '1006030573');
insert into ClienteTelefono (RFC, Telefono) values ('ckw569337843 ', '2252755643');
insert into ClienteTelefono (RFC, Telefono) values ('IaR345515329 ', '8387721860');
insert into ClienteTelefono (RFC, Telefono) values ('Lkn361027252 ', '5873711067');
insert into ClienteTelefono (RFC, Telefono) values ('Xom630240853 ', '7454709080');
insert into ClienteTelefono (RFC, Telefono) values ('Knq437908379 ', '4671312304');
insert into ClienteTelefono (RFC, Telefono) values ('ckw569337843 ', '5194680871');
insert into ClienteTelefono (RFC, Telefono) values ('bFa929727089 ', '8659956445');
insert into ClienteTelefono (RFC, Telefono) values ('GAQ318379916 ', '5974804252');
insert into ClienteTelefono (RFC, Telefono) values ('BKU476429574 ', '7285635108');
insert into ClienteTelefono (RFC, Telefono) values ('OQJ227181175 ', '8441027162');
insert into ClienteTelefono (RFC, Telefono) values ('dkH021449203 ', '3102601243');
insert into ClienteTelefono (RFC, Telefono) values ('saJ262934564 ', '2892729659');
insert into ClienteTelefono (RFC, Telefono) values ('Vof712159610 ', '9951191693');
insert into ClienteTelefono (RFC, Telefono) values ('aRE777577551 ', '1287395990');
insert into ClienteTelefono (RFC, Telefono) values ('mxU147376820 ', '3353825652');
insert into ClienteTelefono (RFC, Telefono) values ('Xom630240853 ', '1264132615');
insert into ClienteTelefono (RFC, Telefono) values ('gYc764210854 ', '7588919181');
insert into ClienteTelefono (RFC, Telefono) values ('sZT945949003 ', '5109564970');
insert into ClienteTelefono (RFC, Telefono) values ('PYa181306363 ', '7267871165');
insert into ClienteTelefono (RFC, Telefono) values ('PKa198099467 ', '6421218158');
insert into ClienteTelefono (RFC, Telefono) values ('dkH021449203 ', '8303732081');
insert into ClienteTelefono (RFC, Telefono) values ('WhJ825380534 ', '4909275812');
insert into ClienteTelefono (RFC, Telefono) values ('lHK568878258 ', '5279918806');
insert into ClienteTelefono (RFC, Telefono) values ('XuU124720103 ', '1149879968');
insert into ClienteTelefono (RFC, Telefono) values ('sCY477422429 ', '3426730169');
insert into ClienteTelefono (RFC, Telefono) values ('mAw631850560 ', '7532250323');
insert into ClienteTelefono (RFC, Telefono) values ('OIF088566748 ', '6527471987');
insert into ClienteTelefono (RFC, Telefono) values ('lHK568878258 ', '5819056126');
insert into ClienteTelefono (RFC, Telefono) values ('RCQ130496618 ', '5008786212');
insert into ClienteTelefono (RFC, Telefono) values ('VZM788347865 ', '7675492023');
insert into ClienteTelefono (RFC, Telefono) values ('uwA215944022 ', '4604252497');
insert into ClienteTelefono (RFC, Telefono) values ('aJD966134343 ', '8562196228');
insert into ClienteTelefono (RFC, Telefono) values ('RxB833775826 ', '4105422507');
insert into ClienteTelefono (RFC, Telefono) values ('DLC226470823 ', '3768771598');
insert into ClienteTelefono (RFC, Telefono) values ('WhJ825380534 ', '5944354106');
insert into ClienteTelefono (RFC, Telefono) values ('JDV063716006 ', '1887517725');
insert into ClienteTelefono (RFC, Telefono) values ('MYG340428458 ', '2186111869');
insert into ClienteTelefono (RFC, Telefono) values ('IaR345515329 ', '9317238646');
insert into ClienteTelefono (RFC, Telefono) values ('TjC911591895 ', '2073484758');
insert into ClienteTelefono (RFC, Telefono) values ('aJD966134343 ', '4755352057');
insert into ClienteTelefono (RFC, Telefono) values ('Lkn361027252 ', '5632149063');
insert into ClienteTelefono (RFC, Telefono) values ('JDV063716006 ', '4065888896');
insert into ClienteTelefono (RFC, Telefono) values ('mAw631850560 ', '5788303579');
insert into ClienteTelefono (RFC, Telefono) values ('OQJ227181175 ', '1034159661');
insert into ClienteTelefono (RFC, Telefono) values ('OhP569790413 ', '6166261960');
insert into ClienteTelefono (RFC, Telefono) values ('Zkc077481063 ', '2706756706');
insert into ClienteTelefono (RFC, Telefono) values ('gIN777800293 ', '8136324340');
insert into ClienteTelefono (RFC, Telefono) values ('ueE848522707 ', '4742461008');
insert into ClienteTelefono (RFC, Telefono) values ('NuP312803727 ', '7026974988');
insert into ClienteTelefono (RFC, Telefono) values ('NEJ173919119 ', '4941322050');
insert into ClienteTelefono (RFC, Telefono) values ('Hej103238667 ', '6206766536');
insert into ClienteTelefono (RFC, Telefono) values ('PYa181306363 ', '1276132490');
insert into ClienteTelefono (RFC, Telefono) values ('Zkc077481063 ', '7659524816');
insert into ClienteTelefono (RFC, Telefono) values ('sZn529867244 ', '5516444582');
insert into ClienteTelefono (RFC, Telefono) values ('sCY477422429 ', '8257219241');
insert into ClienteTelefono (RFC, Telefono) values ('CJQ391150235 ', '5821841303');
insert into ClienteTelefono (RFC, Telefono) values ('WoT975495035 ', '5931066057');
-- Sala
insert into Sala (Tipo, IdPiso, IdEdificio) values ('Operaciones', 31, 7);
insert into Sala (Tipo, IdPiso, IdEdificio) values ('Operaciones', 177, 19);
insert into Sala (Tipo, IdPiso, IdEdificio) values ('Operaciones', 44, 8);
insert into Sala (Tipo, IdPiso, IdEdificio) values ('Capacitacion', 75, 6);
insert into Sala (Tipo, IdPiso, IdEdificio) values ('Operaciones', 87, 11);
insert into Sala (Tipo, IdPiso, IdEdificio) values ('Operaciones', 89, 19);
insert into Sala (Tipo, IdPiso, IdEdificio) values ('Capacitacion', 36, 14);
insert into Sala (Tipo, IdPiso, IdEdificio) values ('Capacitacion', 140, 13);
insert into Sala (Tipo, IdPiso, IdEdificio) values ('Capacitacion', 118, 6);
insert into Sala (Tipo, IdPiso, IdEdificio) values ('Capacitacion', 9, 12);
insert into Sala (Tipo, IdPiso, IdEdificio) values ('Operaciones', 99, 13);
insert into Sala (Tipo, IdPiso, IdEdificio) values ('Operaciones', 28, 18);
insert into Sala (Tipo, IdPiso, IdEdificio) values ('Operaciones', 10, 17);
insert into Sala (Tipo, IdPiso, IdEdificio) values ('Capacitacion', 89, 19);
insert into Sala (Tipo, IdPiso, IdEdificio) values ('Capacitacion', 163, 7);
insert into Sala (Tipo, IdPiso, IdEdificio) values ('Capacitacion', 5, 9);
insert into Sala (Tipo, IdPiso, IdEdificio) values ('Capacitacion', 148, 19);
insert into Sala (Tipo, IdPiso, IdEdificio) values ('Capacitacion', 56, 3);
insert into Sala (Tipo, IdPiso, IdEdificio) values ('Capacitacion', 53, 7);
insert into Sala (Tipo, IdPiso, IdEdificio) values ('Operaciones', 71, 3);
insert into Sala (Tipo, IdPiso, IdEdificio) values ('Capacitacion', 107, 9);
insert into Sala (Tipo, IdPiso, IdEdificio) values ('Capacitacion', 4, 8);
insert into Sala (Tipo, IdPiso, IdEdificio) values ('Capacitacion', 159, 6);
insert into Sala (Tipo, IdPiso, IdEdificio) values ('Operaciones', 149, 12);
insert into Sala (Tipo, IdPiso, IdEdificio) values ('Operaciones', 40, 15);
insert into Sala (Tipo, IdPiso, IdEdificio) values ('Operaciones', 148, 19);
insert into Sala (Tipo, IdPiso, IdEdificio) values ('Capacitacion', 149, 12);
insert into Sala (Tipo, IdPiso, IdEdificio) values ('Operaciones', 2, 4);
insert into Sala (Tipo, IdPiso, IdEdificio) values ('Operaciones', 127, 14);
insert into Sala (Tipo, IdPiso, IdEdificio) values ('Capacitacion', 152, 16);
insert into Sala (Tipo, IdPiso, IdEdificio) values ('Operaciones', 67, 7);
insert into Sala (Tipo, IdPiso, IdEdificio) values ('Capacitacion', 128, 10);
insert into Sala (Tipo, IdPiso, IdEdificio) values ('Operaciones', 97, 10);
insert into Sala (Tipo, IdPiso, IdEdificio) values ('Capacitacion', 59, 2);
insert into Sala (Tipo, IdPiso, IdEdificio) values ('Operaciones', 114, 7);
insert into Sala (Tipo, IdPiso, IdEdificio) values ('Capacitacion', 168, 3);
insert into Sala (Tipo, IdPiso, IdEdificio) values ('Operaciones', 154, 9);
insert into Sala (Tipo, IdPiso, IdEdificio) values ('Operaciones', 116, 6);
insert into Sala (Tipo, IdPiso, IdEdificio) values ('Capacitacion', 91, 13);
insert into Sala (Tipo, IdPiso, IdEdificio) values ('Capacitacion', 98, 4);
insert into Sala (Tipo, IdPiso, IdEdificio) values ('Operaciones', 54, 17);
insert into Sala (Tipo, IdPiso, IdEdificio) values ('Operaciones', 8, 2);
insert into Sala (Tipo, IdPiso, IdEdificio) values ('Capacitacion', 164, 18);
insert into Sala (Tipo, IdPiso, IdEdificio) values ('Operaciones', 174, 1);
insert into Sala (Tipo, IdPiso, IdEdificio) values ('Capacitacion', 3, 17);
insert into Sala (Tipo, IdPiso, IdEdificio) values ('Capacitacion', 105, 5);
insert into Sala (Tipo, IdPiso, IdEdificio) values ('Capacitacion', 109, 14);
insert into Sala (Tipo, IdPiso, IdEdificio) values ('Capacitacion', 120, 1);
insert into Sala (Tipo, IdPiso, IdEdificio) values ('Operaciones', 110, 8);
insert into Sala (Tipo, IdPiso, IdEdificio) values ('Capacitacion', 80, 3);
insert into Sala (Tipo, IdPiso, IdEdificio) values ('Operaciones', 95, 6);
insert into Sala (Tipo, IdPiso, IdEdificio) values ('Capacitacion', 31, 7);
insert into Sala (Tipo, IdPiso, IdEdificio) values ('Capacitacion', 164, 18);
insert into Sala (Tipo, IdPiso, IdEdificio) values ('Capacitacion', 166, 18);
insert into Sala (Tipo, IdPiso, IdEdificio) values ('Capacitacion', 116, 6);
insert into Sala (Tipo, IdPiso, IdEdificio) values ('Operaciones', 129, 4);
insert into Sala (Tipo, IdPiso, IdEdificio) values ('Capacitacion', 92, 19);
insert into Sala (Tipo, IdPiso, IdEdificio) values ('Capacitacion', 119, 11);
insert into Sala (Tipo, IdPiso, IdEdificio) values ('Capacitacion', 80, 3);
insert into Sala (Tipo, IdPiso, IdEdificio) values ('Capacitacion', 24, 16);
insert into Sala (Tipo, IdPiso, IdEdificio) values ('Operaciones', 69, 15);
insert into Sala (Tipo, IdPiso, IdEdificio) values ('Capacitacion', 138, 4);
insert into Sala (Tipo, IdPiso, IdEdificio) values ('Capacitacion', 13, 3);
insert into Sala (Tipo, IdPiso, IdEdificio) values ('Capacitacion', 65, 20);
insert into Sala (Tipo, IdPiso, IdEdificio) values ('Capacitacion', 178, 6);
insert into Sala (Tipo, IdPiso, IdEdificio) values ('Operaciones', 137, 18);
insert into Sala (Tipo, IdPiso, IdEdificio) values ('Capacitacion', 174, 1);
insert into Sala (Tipo, IdPiso, IdEdificio) values ('Operaciones', 53, 7);
insert into Sala (Tipo, IdPiso, IdEdificio) values ('Operaciones', 152, 16);
insert into Sala (Tipo, IdPiso, IdEdificio) values ('Capacitacion', 138, 4);
insert into Sala (Tipo, IdPiso, IdEdificio) values ('Operaciones', 128, 10);
insert into Sala (Tipo, IdPiso, IdEdificio) values ('Operaciones', 40, 15);
insert into Sala (Tipo, IdPiso, IdEdificio) values ('Operaciones', 50, 8);
insert into Sala (Tipo, IdPiso, IdEdificio) values ('Operaciones', 138, 4);
insert into Sala (Tipo, IdPiso, IdEdificio) values ('Capacitacion', 160, 14);
insert into Sala (Tipo, IdPiso, IdEdificio) values ('Operaciones', 75, 6);
insert into Sala (Tipo, IdPiso, IdEdificio) values ('Capacitacion', 134, 10);
insert into Sala (Tipo, IdPiso, IdEdificio) values ('Capacitacion', 59, 2);
insert into Sala (Tipo, IdPiso, IdEdificio) values ('Capacitacion', 127, 14);
insert into Sala (Tipo, IdPiso, IdEdificio) values ('Operaciones', 97, 10);
insert into Sala (Tipo, IdPiso, IdEdificio) values ('Capacitacion', 39, 17);
insert into Sala (Tipo, IdPiso, IdEdificio) values ('Capacitacion', 134, 10);
insert into Sala (Tipo, IdPiso, IdEdificio) values ('Operaciones', 148, 19);
insert into Sala (Tipo, IdPiso, IdEdificio) values ('Capacitacion', 24, 16);
insert into Sala (Tipo, IdPiso, IdEdificio) values ('Capacitacion', 72, 5);
insert into Sala (Tipo, IdPiso, IdEdificio) values ('Capacitacion', 28, 18);
insert into Sala (Tipo, IdPiso, IdEdificio) values ('Capacitacion', 160, 14);
insert into Sala (Tipo, IdPiso, IdEdificio) values ('Operaciones', 22, 6);
insert into Sala (Tipo, IdPiso, IdEdificio) values ('Operaciones', 175, 5);
insert into Sala (Tipo, IdPiso, IdEdificio) values ('Operaciones', 147, 1);
insert into Sala (Tipo, IdPiso, IdEdificio) values ('Capacitacion', 127, 14);
insert into Sala (Tipo, IdPiso, IdEdificio) values ('Capacitacion', 61, 17);
insert into Sala (Tipo, IdPiso, IdEdificio) values ('Capacitacion', 117, 14);
insert into Sala (Tipo, IdPiso, IdEdificio) values ('Operaciones', 100, 19);
insert into Sala (Tipo, IdPiso, IdEdificio) values ('Capacitacion', 20, 14);
insert into Sala (Tipo, IdPiso, IdEdificio) values ('Operaciones', 107, 9);
insert into Sala (Tipo, IdPiso, IdEdificio) values ('Operaciones', 85, 2);
insert into Sala (Tipo, IdPiso, IdEdificio) values ('Capacitacion', 122, 14);
insert into Sala (Tipo, IdPiso, IdEdificio) values ('Operaciones', 160, 14);
insert into Sala (Tipo, IdPiso, IdEdificio) values ('Capacitacion', 11, 13);
insert into Sala (Tipo, IdPiso, IdEdificio) values ('Operaciones', 4, 8);
insert into Sala (Tipo, IdPiso, IdEdificio) values ('Operaciones', 30, 18);
insert into Sala (Tipo, IdPiso, IdEdificio) values ('Capacitacion', 141, 19);
insert into Sala (Tipo, IdPiso, IdEdificio) values ('Operaciones', 53, 7);
insert into Sala (Tipo, IdPiso, IdEdificio) values ('Operaciones', 65, 20);
insert into Sala (Tipo, IdPiso, IdEdificio) values ('Operaciones', 152, 16);
insert into Sala (Tipo, IdPiso, IdEdificio) values ('Capacitacion', 130, 18);
insert into Sala (Tipo, IdPiso, IdEdificio) values ('Operaciones', 45, 1);
insert into Sala (Tipo, IdPiso, IdEdificio) values ('Operaciones', 103, 1);
insert into Sala (Tipo, IdPiso, IdEdificio) values ('Operaciones', 99, 13);
insert into Sala (Tipo, IdPiso, IdEdificio) values ('Operaciones', 89, 19);
insert into Sala (Tipo, IdPiso, IdEdificio) values ('Operaciones', 17, 12);
insert into Sala (Tipo, IdPiso, IdEdificio) values ('Capacitacion', 104, 4);
insert into Sala (Tipo, IdPiso, IdEdificio) values ('Capacitacion', 94, 19);
insert into Sala (Tipo, IdPiso, IdEdificio) values ('Operaciones', 164, 18);
insert into Sala (Tipo, IdPiso, IdEdificio) values ('Operaciones', 103, 1);
insert into Sala (Tipo, IdPiso, IdEdificio) values ('Capacitacion', 96, 12);
insert into Sala (Tipo, IdPiso, IdEdificio) values ('Capacitacion', 157, 14);
insert into Sala (Tipo, IdPiso, IdEdificio) values ('Capacitacion', 117, 14);
insert into Sala (Tipo, IdPiso, IdEdificio) values ('Operaciones', 180, 2);
insert into Sala (Tipo, IdPiso, IdEdificio) values ('Operaciones', 179, 1);
insert into Sala (Tipo, IdPiso, IdEdificio) values ('Capacitacion', 25, 16);
insert into Sala (Tipo, IdPiso, IdEdificio) values ('Operaciones', 133, 14);
insert into Sala (Tipo, IdPiso, IdEdificio) values ('Capacitacion', 139, 12);
insert into Sala (Tipo, IdPiso, IdEdificio) values ('Operaciones', 101, 3);
insert into Sala (Tipo, IdPiso, IdEdificio) values ('Capacitacion', 105, 5);
insert into Sala (Tipo, IdPiso, IdEdificio) values ('Operaciones', 126, 11);
insert into Sala (Tipo, IdPiso, IdEdificio) values ('Operaciones', 133, 14);
insert into Sala (Tipo, IdPiso, IdEdificio) values ('Operaciones', 107, 9);
insert into Sala (Tipo, IdPiso, IdEdificio) values ('Operaciones', 126, 11);
insert into Sala (Tipo, IdPiso, IdEdificio) values ('Operaciones', 12, 7);
insert into Sala (Tipo, IdPiso, IdEdificio) values ('Capacitacion', 78, 9);
insert into Sala (Tipo, IdPiso, IdEdificio) values ('Operaciones', 31, 7);
insert into Sala (Tipo, IdPiso, IdEdificio) values ('Capacitacion', 123, 9);
insert into Sala (Tipo, IdPiso, IdEdificio) values ('Capacitacion', 168, 3);
insert into Sala (Tipo, IdPiso, IdEdificio) values ('Operaciones', 48, 12);
insert into Sala (Tipo, IdPiso, IdEdificio) values ('Operaciones', 166, 18);
insert into Sala (Tipo, IdPiso, IdEdificio) values ('Capacitacion', 163, 7);
insert into Sala (Tipo, IdPiso, IdEdificio) values ('Capacitacion', 53, 7);
insert into Sala (Tipo, IdPiso, IdEdificio) values ('Operaciones', 102, 9);
insert into Sala (Tipo, IdPiso, IdEdificio) values ('Capacitacion', 44, 8);
insert into Sala (Tipo, IdPiso, IdEdificio) values ('Operaciones', 159, 6);
insert into Sala (Tipo, IdPiso, IdEdificio) values ('Capacitacion', 29, 12);
insert into Sala (Tipo, IdPiso, IdEdificio) values ('Capacitacion', 88, 1);
insert into Sala (Tipo, IdPiso, IdEdificio) values ('Operaciones', 7, 1);
insert into Sala (Tipo, IdPiso, IdEdificio) values ('Capacitacion', 168, 3);
insert into Sala (Tipo, IdPiso, IdEdificio) values ('Operaciones', 165, 6);
insert into Sala (Tipo, IdPiso, IdEdificio) values ('Capacitacion', 137, 18);
insert into Sala (Tipo, IdPiso, IdEdificio) values ('Capacitacion', 36, 14);
insert into Sala (Tipo, IdPiso, IdEdificio) values ('Capacitacion', 65, 20);
insert into Sala (Tipo, IdPiso, IdEdificio) values ('Operaciones', 126, 11);
insert into Sala (Tipo, IdPiso, IdEdificio) values ('Capacitacion', 62, 8);
insert into Sala (Tipo, IdPiso, IdEdificio) values ('Capacitacion', 135, 19);
insert into Sala (Tipo, IdPiso, IdEdificio) values ('Capacitacion', 118, 6);
insert into Sala (Tipo, IdPiso, IdEdificio) values ('Capacitacion', 43, 15);
insert into Sala (Tipo, IdPiso, IdEdificio) values ('Capacitacion', 107, 9);
insert into Sala (Tipo, IdPiso, IdEdificio) values ('Operaciones', 133, 14);
insert into Sala (Tipo, IdPiso, IdEdificio) values ('Operaciones', 41, 6);
insert into Sala (Tipo, IdPiso, IdEdificio) values ('Capacitacion', 79, 6);
insert into Sala (Tipo, IdPiso, IdEdificio) values ('Capacitacion', 110, 8);
insert into Sala (Tipo, IdPiso, IdEdificio) values ('Capacitacion', 29, 12);
insert into Sala (Tipo, IdPiso, IdEdificio) values ('Operaciones', 14, 19);
insert into Sala (Tipo, IdPiso, IdEdificio) values ('Capacitacion', 55, 3);
insert into Sala (Tipo, IdPiso, IdEdificio) values ('Capacitacion', 157, 14);
insert into Sala (Tipo, IdPiso, IdEdificio) values ('Capacitacion', 109, 14);
insert into Sala (Tipo, IdPiso, IdEdificio) values ('Capacitacion', 14, 19);
insert into Sala (Tipo, IdPiso, IdEdificio) values ('Capacitacion', 74, 6);
insert into Sala (Tipo, IdPiso, IdEdificio) values ('Operaciones', 11, 13);
insert into Sala (Tipo, IdPiso, IdEdificio) values ('Operaciones', 98, 4);
insert into Sala (Tipo, IdPiso, IdEdificio) values ('Capacitacion', 166, 18);
insert into Sala (Tipo, IdPiso, IdEdificio) values ('Operaciones', 1, 12);
insert into Sala (Tipo, IdPiso, IdEdificio) values ('Capacitacion', 176, 16);
insert into Sala (Tipo, IdPiso, IdEdificio) values ('Operaciones', 80, 3);
insert into Sala (Tipo, IdPiso, IdEdificio) values ('Capacitacion', 94, 19);
insert into Sala (Tipo, IdPiso, IdEdificio) values ('Operaciones', 103, 1);
insert into Sala (Tipo, IdPiso, IdEdificio) values ('Operaciones', 89, 19);
insert into Sala (Tipo, IdPiso, IdEdificio) values ('Operaciones', 37, 20);
insert into Sala (Tipo, IdPiso, IdEdificio) values ('Capacitacion', 157, 14);
insert into Sala (Tipo, IdPiso, IdEdificio) values ('Capacitacion', 160, 14);
insert into Sala (Tipo, IdPiso, IdEdificio) values ('Operaciones', 65, 20);
insert into Sala (Tipo, IdPiso, IdEdificio) values ('Capacitacion', 13, 3);
insert into Sala (Tipo, IdPiso, IdEdificio) values ('Operaciones', 150, 9);
insert into Sala (Tipo, IdPiso, IdEdificio) values ('Capacitacion', 131, 9);
insert into Sala (Tipo, IdPiso, IdEdificio) values ('Capacitacion', 159, 6);
insert into Sala (Tipo, IdPiso, IdEdificio) values ('Operaciones', 102, 9);
insert into Sala (Tipo, IdPiso, IdEdificio) values ('Capacitacion', 3, 17);
insert into Sala (Tipo, IdPiso, IdEdificio) values ('Capacitacion', 81, 18);
insert into Sala (Tipo, IdPiso, IdEdificio) values ('Operaciones', 155, 9);
insert into Sala (Tipo, IdPiso, IdEdificio) values ('Operaciones', 161, 2);
insert into Sala (Tipo, IdPiso, IdEdificio) values ('Capacitacion', 47, 8);
insert into Sala (Tipo, IdPiso, IdEdificio) values ('Capacitacion', 80, 3);
insert into Sala (Tipo, IdPiso, IdEdificio) values ('Capacitacion', 1, 12);
insert into Sala (Tipo, IdPiso, IdEdificio) values ('Operaciones', 120, 1);
insert into Sala (Tipo, IdPiso, IdEdificio) values ('Operaciones', 151, 17);
insert into Sala (Tipo, IdPiso, IdEdificio) values ('Capacitacion', 108, 9);
insert into Sala (Tipo, IdPiso, IdEdificio) values ('Operaciones', 12, 7);
insert into Sala (Tipo, IdPiso, IdEdificio) values ('Capacitacion', 93, 7);
insert into Sala (Tipo, IdPiso, IdEdificio) values ('Capacitacion', 51, 3);
insert into Sala (Tipo, IdPiso, IdEdificio) values ('Operaciones', 114, 7);
insert into Sala (Tipo, IdPiso, IdEdificio) values ('Operaciones', 121, 4);
insert into Sala (Tipo, IdPiso, IdEdificio) values ('Operaciones', 41, 6);
insert into Sala (Tipo, IdPiso, IdEdificio) values ('Operaciones', 21, 7);
insert into Sala (Tipo, IdPiso, IdEdificio) values ('Operaciones', 86, 19);
insert into Sala (Tipo, IdPiso, IdEdificio) values ('Operaciones', 131, 9);
insert into Sala (Tipo, IdPiso, IdEdificio) values ('Operaciones', 19, 20);
insert into Sala (Tipo, IdPiso, IdEdificio) values ('Operaciones', 151, 17);
insert into Sala (Tipo, IdPiso, IdEdificio) values ('Operaciones', 85, 2);
insert into Sala (Tipo, IdPiso, IdEdificio) values ('Capacitacion', 178, 6);
insert into Sala (Tipo, IdPiso, IdEdificio) values ('Operaciones', 138, 4);
insert into Sala (Tipo, IdPiso, IdEdificio) values ('Operaciones', 168, 3);
insert into Sala (Tipo, IdPiso, IdEdificio) values ('Operaciones', 114, 7);
insert into Sala (Tipo, IdPiso, IdEdificio) values ('Operaciones', 175, 5);
insert into Sala (Tipo, IdPiso, IdEdificio) values ('Capacitacion', 62, 8);
insert into Sala (Tipo, IdPiso, IdEdificio) values ('Capacitacion', 25, 16);
insert into Sala (Tipo, IdPiso, IdEdificio) values ('Operaciones', 18, 18);
insert into Sala (Tipo, IdPiso, IdEdificio) values ('Capacitacion', 83, 3);
insert into Sala (Tipo, IdPiso, IdEdificio) values ('Operaciones', 79, 6);
insert into Sala (Tipo, IdPiso, IdEdificio) values ('Operaciones', 121, 4);
insert into Sala (Tipo, IdPiso, IdEdificio) values ('Capacitacion', 174, 1);
insert into Sala (Tipo, IdPiso, IdEdificio) values ('Operaciones', 178, 6);
insert into Sala (Tipo, IdPiso, IdEdificio) values ('Operaciones', 108, 9);
insert into Sala (Tipo, IdPiso, IdEdificio) values ('Operaciones', 42, 16);
insert into Sala (Tipo, IdPiso, IdEdificio) values ('Capacitacion', 108, 9);
insert into Sala (Tipo, IdPiso, IdEdificio) values ('Operaciones', 58, 13);
insert into Sala (Tipo, IdPiso, IdEdificio) values ('Operaciones', 10, 17);
insert into Sala (Tipo, IdPiso, IdEdificio) values ('Operaciones', 178, 6);
insert into Sala (Tipo, IdPiso, IdEdificio) values ('Operaciones', 25, 16);
insert into Sala (Tipo, IdPiso, IdEdificio) values ('Operaciones', 37, 20);
insert into Sala (Tipo, IdPiso, IdEdificio) values ('Capacitacion', 173, 18);
insert into Sala (Tipo, IdPiso, IdEdificio) values ('Capacitacion', 78, 9);
insert into Sala (Tipo, IdPiso, IdEdificio) values ('Operaciones', 1, 12);
insert into Sala (Tipo, IdPiso, IdEdificio) values ('Capacitacion', 55, 3);
insert into Sala (Tipo, IdPiso, IdEdificio) values ('Capacitacion', 120, 1);
insert into Sala (Tipo, IdPiso, IdEdificio) values ('Operaciones', 93, 7);
insert into Sala (Tipo, IdPiso, IdEdificio) values ('Capacitacion', 115, 4);
insert into Sala (Tipo, IdPiso, IdEdificio) values ('Capacitacion', 174, 1);
insert into Sala (Tipo, IdPiso, IdEdificio) values ('Operaciones', 9, 12);
insert into Sala (Tipo, IdPiso, IdEdificio) values ('Operaciones', 65, 20);
insert into Sala (Tipo, IdPiso, IdEdificio) values ('Operaciones', 96, 12);
insert into Sala (Tipo, IdPiso, IdEdificio) values ('Operaciones', 7, 1);
insert into Sala (Tipo, IdPiso, IdEdificio) values ('Capacitacion', 144, 7);
insert into Sala (Tipo, IdPiso, IdEdificio) values ('Operaciones', 33, 1);
insert into Sala (Tipo, IdPiso, IdEdificio) values ('Capacitacion', 90, 20);
insert into Sala (Tipo, IdPiso, IdEdificio) values ('Capacitacion', 106, 1);
insert into Sala (Tipo, IdPiso, IdEdificio) values ('Operaciones', 46, 6);
insert into Sala (Tipo, IdPiso, IdEdificio) values ('Operaciones', 136, 18);
insert into Sala (Tipo, IdPiso, IdEdificio) values ('Capacitacion', 166, 18);
insert into Sala (Tipo, IdPiso, IdEdificio) values ('Capacitacion', 56, 3);
insert into Sala (Tipo, IdPiso, IdEdificio) values ('Operaciones', 128, 10);
insert into Sala (Tipo, IdPiso, IdEdificio) values ('Operaciones', 132, 10);
insert into Sala (Tipo, IdPiso, IdEdificio) values ('Operaciones', 13, 3);
insert into Sala (Tipo, IdPiso, IdEdificio) values ('Operaciones', 111, 3);
insert into Sala (Tipo, IdPiso, IdEdificio) values ('Operaciones', 28, 18);
insert into Sala (Tipo, IdPiso, IdEdificio) values ('Operaciones', 176, 16);
insert into Sala (Tipo, IdPiso, IdEdificio) values ('Capacitacion', 34, 11);
insert into Sala (Tipo, IdPiso, IdEdificio) values ('Operaciones', 35, 6);
insert into Sala (Tipo, IdPiso, IdEdificio) values ('Operaciones', 136, 18);
insert into Sala (Tipo, IdPiso, IdEdificio) values ('Operaciones', 173, 18);
insert into Sala (Tipo, IdPiso, IdEdificio) values ('Operaciones', 109, 14);
insert into Sala (Tipo, IdPiso, IdEdificio) values ('Capacitacion', 159, 6);
insert into Sala (Tipo, IdPiso, IdEdificio) values ('Operaciones', 130, 18);
insert into Sala (Tipo, IdPiso, IdEdificio) values ('Operaciones', 173, 18);
insert into Sala (Tipo, IdPiso, IdEdificio) values ('Operaciones', 74, 6);
insert into Sala (Tipo, IdPiso, IdEdificio) values ('Capacitacion', 143, 12);
insert into Sala (Tipo, IdPiso, IdEdificio) values ('Capacitacion', 79, 6);
insert into Sala (Tipo, IdPiso, IdEdificio) values ('Operaciones', 24, 16);
insert into Sala (Tipo, IdPiso, IdEdificio) values ('Operaciones', 98, 4);
insert into Sala (Tipo, IdPiso, IdEdificio) values ('Operaciones', 128, 10);
insert into Sala (Tipo, IdPiso, IdEdificio) values ('Capacitacion', 21, 7);
insert into Sala (Tipo, IdPiso, IdEdificio) values ('Operaciones', 83, 3);
insert into Sala (Tipo, IdPiso, IdEdificio) values ('Operaciones', 128, 10);
insert into Sala (Tipo, IdPiso, IdEdificio) values ('Operaciones', 13, 3);
insert into Sala (Tipo, IdPiso, IdEdificio) values ('Operaciones', 108, 9);
insert into Sala (Tipo, IdPiso, IdEdificio) values ('Capacitacion', 94, 19);
insert into Sala (Tipo, IdPiso, IdEdificio) values ('Capacitacion', 102, 9);
insert into Sala (Tipo, IdPiso, IdEdificio) values ('Capacitacion', 46, 6);
insert into Sala (Tipo, IdPiso, IdEdificio) values ('Operaciones', 138, 4);
insert into Sala (Tipo, IdPiso, IdEdificio) values ('Operaciones', 36, 14);
insert into Sala (Tipo, IdPiso, IdEdificio) values ('Capacitacion', 34, 11);
insert into Sala (Tipo, IdPiso, IdEdificio) values ('Operaciones', 106, 1);
insert into Sala (Tipo, IdPiso, IdEdificio) values ('Capacitacion', 61, 17);
insert into Sala (Tipo, IdPiso, IdEdificio) values ('Operaciones', 100, 19);
insert into Sala (Tipo, IdPiso, IdEdificio) values ('Operaciones', 96, 12);
insert into Sala (Tipo, IdPiso, IdEdificio) values ('Capacitacion', 173, 18);
insert into Sala (Tipo, IdPiso, IdEdificio) values ('Capacitacion', 22, 6);
insert into Sala (Tipo, IdPiso, IdEdificio) values ('Capacitacion', 157, 14);
insert into Sala (Tipo, IdPiso, IdEdificio) values ('Operaciones', 75, 6);
insert into Sala (Tipo, IdPiso, IdEdificio) values ('Capacitacion', 154, 9);
insert into Sala (Tipo, IdPiso, IdEdificio) values ('Capacitacion', 26, 7);
insert into Sala (Tipo, IdPiso, IdEdificio) values ('Operaciones', 76, 17);
insert into Sala (Tipo, IdPiso, IdEdificio) values ('Operaciones', 12, 7);
insert into Sala (Tipo, IdPiso, IdEdificio) values ('Capacitacion', 91, 13);
insert into Sala (Tipo, IdPiso, IdEdificio) values ('Capacitacion', 56, 3);
insert into Sala (Tipo, IdPiso, IdEdificio) values ('Capacitacion', 9, 12);
insert into Sala (Tipo, IdPiso, IdEdificio) values ('Operaciones', 27, 16);
insert into Sala (Tipo, IdPiso, IdEdificio) values ('Capacitacion', 67, 7);
insert into Sala (Tipo, IdPiso, IdEdificio) values ('Capacitacion', 112, 8);
insert into Sala (Tipo, IdPiso, IdEdificio) values ('Capacitacion', 86, 19);
insert into Sala (Tipo, IdPiso, IdEdificio) values ('Capacitacion', 16, 13);
insert into Sala (Tipo, IdPiso, IdEdificio) values ('Operaciones', 93, 7);
insert into Sala (Tipo, IdPiso, IdEdificio) values ('Capacitacion', 136, 18);
insert into Sala (Tipo, IdPiso, IdEdificio) values ('Capacitacion', 166, 18);
insert into Sala (Tipo, IdPiso, IdEdificio) values ('Operaciones', 33, 1);
insert into Sala (Tipo, IdPiso, IdEdificio) values ('Capacitacion', 30, 18);
insert into Sala (Tipo, IdPiso, IdEdificio) values ('Capacitacion', 70, 8);
insert into Sala (Tipo, IdPiso, IdEdificio) values ('Operaciones', 17, 12);
insert into Sala (Tipo, IdPiso, IdEdificio) values ('Capacitacion', 1, 12);
insert into Sala (Tipo, IdPiso, IdEdificio) values ('Operaciones', 51, 3);
insert into Sala (Tipo, IdPiso, IdEdificio) values ('Capacitacion', 175, 5);
insert into Sala (Tipo, IdPiso, IdEdificio) values ('Capacitacion', 37, 20);
insert into Sala (Tipo, IdPiso, IdEdificio) values ('Operaciones', 58, 13);
insert into Sala (Tipo, IdPiso, IdEdificio) values ('Operaciones', 60, 10);
insert into Sala (Tipo, IdPiso, IdEdificio) values ('Capacitacion', 75, 6);
insert into Sala (Tipo, IdPiso, IdEdificio) values ('Operaciones', 100, 19);
insert into Sala (Tipo, IdPiso, IdEdificio) values ('Operaciones', 58, 13);
insert into Sala (Tipo, IdPiso, IdEdificio) values ('Operaciones', 95, 6);
insert into Sala (Tipo, IdPiso, IdEdificio) values ('Operaciones', 160, 14);
insert into Sala (Tipo, IdPiso, IdEdificio) values ('Capacitacion', 105, 5);
insert into Sala (Tipo, IdPiso, IdEdificio) values ('Operaciones', 151, 17);
insert into Sala (Tipo, IdPiso, IdEdificio) values ('Operaciones', 108, 9);
insert into Sala (Tipo, IdPiso, IdEdificio) values ('Capacitacion', 19, 20);
insert into Sala (Tipo, IdPiso, IdEdificio) values ('Operaciones', 5, 9);
insert into Sala (Tipo, IdPiso, IdEdificio) values ('Capacitacion', 68, 19);
insert into Sala (Tipo, IdPiso, IdEdificio) values ('Capacitacion', 143, 12);
insert into Sala (Tipo, IdPiso, IdEdificio) values ('Capacitacion', 43, 15);
insert into Sala (Tipo, IdPiso, IdEdificio) values ('Capacitacion', 133, 14);
insert into Sala (Tipo, IdPiso, IdEdificio) values ('Capacitacion', 105, 5);
insert into Sala (Tipo, IdPiso, IdEdificio) values ('Capacitacion', 71, 3);
insert into Sala (Tipo, IdPiso, IdEdificio) values ('Capacitacion', 96, 12);
insert into Sala (Tipo, IdPiso, IdEdificio) values ('Capacitacion', 142, 11);
insert into Sala (Tipo, IdPiso, IdEdificio) values ('Capacitacion', 123, 9);
insert into Sala (Tipo, IdPiso, IdEdificio) values ('Capacitacion', 34, 11);
insert into Sala (Tipo, IdPiso, IdEdificio) values ('Operaciones', 81, 18);
insert into Sala (Tipo, IdPiso, IdEdificio) values ('Operaciones', 120, 1);
insert into Sala (Tipo, IdPiso, IdEdificio) values ('Operaciones', 98, 4);
insert into Sala (Tipo, IdPiso, IdEdificio) values ('Capacitacion', 11, 13);
insert into Sala (Tipo, IdPiso, IdEdificio) values ('Capacitacion', 57, 6);
insert into Sala (Tipo, IdPiso, IdEdificio) values ('Operaciones', 15, 2);
insert into Sala (Tipo, IdPiso, IdEdificio) values ('Operaciones', 58, 13);
insert into Sala (Tipo, IdPiso, IdEdificio) values ('Operaciones', 35, 6);
insert into Sala (Tipo, IdPiso, IdEdificio) values ('Capacitacion', 124, 9);
insert into Sala (Tipo, IdPiso, IdEdificio) values ('Capacitacion', 19, 20);
insert into Sala (Tipo, IdPiso, IdEdificio) values ('Capacitacion', 139, 12);
insert into Sala (Tipo, IdPiso, IdEdificio) values ('Capacitacion', 66, 2);
insert into Sala (Tipo, IdPiso, IdEdificio) values ('Operaciones', 69, 15);
insert into Sala (Tipo, IdPiso, IdEdificio) values ('Capacitacion', 83, 3);
insert into Sala (Tipo, IdPiso, IdEdificio) values ('Capacitacion', 63, 19);
insert into Sala (Tipo, IdPiso, IdEdificio) values ('Operaciones', 27, 16);
insert into Sala (Tipo, IdPiso, IdEdificio) values ('Capacitacion', 78, 9);
insert into Sala (Tipo, IdPiso, IdEdificio) values ('Capacitacion', 83, 3);
insert into Sala (Tipo, IdPiso, IdEdificio) values ('Operaciones', 90, 20);
insert into Sala (Tipo, IdPiso, IdEdificio) values ('Operaciones', 77, 9);
insert into Sala (Tipo, IdPiso, IdEdificio) values ('Operaciones', 105, 5);
insert into Sala (Tipo, IdPiso, IdEdificio) values ('Capacitacion', 16, 13);
insert into Sala (Tipo, IdPiso, IdEdificio) values ('Capacitacion', 173, 18);
insert into Sala (Tipo, IdPiso, IdEdificio) values ('Operaciones', 12, 7);
insert into Sala (Tipo, IdPiso, IdEdificio) values ('Operaciones', 70, 8);
insert into Sala (Tipo, IdPiso, IdEdificio) values ('Operaciones', 54, 17);
insert into Sala (Tipo, IdPiso, IdEdificio) values ('Capacitacion', 79, 6);
insert into Sala (Tipo, IdPiso, IdEdificio) values ('Capacitacion', 145, 2);
insert into Sala (Tipo, IdPiso, IdEdificio) values ('Capacitacion', 71, 3);
insert into Sala (Tipo, IdPiso, IdEdificio) values ('Capacitacion', 73, 8);
insert into Sala (Tipo, IdPiso, IdEdificio) values ('Capacitacion', 76, 17);
insert into Sala (Tipo, IdPiso, IdEdificio) values ('Operaciones', 65, 20);
insert into Sala (Tipo, IdPiso, IdEdificio) values ('Capacitacion', 17, 12);
insert into Sala (Tipo, IdPiso, IdEdificio) values ('Capacitacion', 150, 9);
insert into Sala (Tipo, IdPiso, IdEdificio) values ('Operaciones', 87, 11);
insert into Sala (Tipo, IdPiso, IdEdificio) values ('Operaciones', 119, 11);
insert into Sala (Tipo, IdPiso, IdEdificio) values ('Operaciones', 27, 16);
insert into Sala (Tipo, IdPiso, IdEdificio) values ('Capacitacion', 135, 19);
insert into Sala (Tipo, IdPiso, IdEdificio) values ('Operaciones', 73, 8);
insert into Sala (Tipo, IdPiso, IdEdificio) values ('Operaciones', 17, 12);
insert into Sala (Tipo, IdPiso, IdEdificio) values ('Operaciones', 32, 17);
insert into Sala (Tipo, IdPiso, IdEdificio) values ('Operaciones', 77, 9);
insert into Sala (Tipo, IdPiso, IdEdificio) values ('Capacitacion', 175, 5);
insert into Sala (Tipo, IdPiso, IdEdificio) values ('Operaciones', 119, 11);
insert into Sala (Tipo, IdPiso, IdEdificio) values ('Capacitacion', 89, 19);
insert into Sala (Tipo, IdPiso, IdEdificio) values ('Capacitacion', 179, 1);
insert into Sala (Tipo, IdPiso, IdEdificio) values ('Capacitacion', 9, 12);
insert into Sala (Tipo, IdPiso, IdEdificio) values ('Operaciones', 47, 8);
insert into Sala (Tipo, IdPiso, IdEdificio) values ('Operaciones', 29, 12);
insert into Sala (Tipo, IdPiso, IdEdificio) values ('Operaciones', 130, 18);
insert into Sala (Tipo, IdPiso, IdEdificio) values ('Operaciones', 129, 4);
insert into Sala (Tipo, IdPiso, IdEdificio) values ('Capacitacion', 169, 9);
insert into Sala (Tipo, IdPiso, IdEdificio) values ('Capacitacion', 29, 12);
insert into Sala (Tipo, IdPiso, IdEdificio) values ('Operaciones', 152, 16);
insert into Sala (Tipo, IdPiso, IdEdificio) values ('Capacitacion', 101, 3);
insert into Sala (Tipo, IdPiso, IdEdificio) values ('Capacitacion', 72, 5);
insert into Sala (Tipo, IdPiso, IdEdificio) values ('Operaciones', 15, 2);
insert into Sala (Tipo, IdPiso, IdEdificio) values ('Operaciones', 162, 18);
insert into Sala (Tipo, IdPiso, IdEdificio) values ('Operaciones', 154, 9);
insert into Sala (Tipo, IdPiso, IdEdificio) values ('Operaciones', 88, 1);
insert into Sala (Tipo, IdPiso, IdEdificio) values ('Operaciones', 56, 3);
insert into Sala (Tipo, IdPiso, IdEdificio) values ('Operaciones', 133, 14);
insert into Sala (Tipo, IdPiso, IdEdificio) values ('Operaciones', 85, 2);
insert into Sala (Tipo, IdPiso, IdEdificio) values ('Capacitacion', 36, 14);
insert into Sala (Tipo, IdPiso, IdEdificio) values ('Capacitacion', 73, 8);
insert into Sala (Tipo, IdPiso, IdEdificio) values ('Capacitacion', 167, 13);
insert into Sala (Tipo, IdPiso, IdEdificio) values ('Operaciones', 54, 17);
insert into Sala (Tipo, IdPiso, IdEdificio) values ('Operaciones', 147, 1);
insert into Sala (Tipo, IdPiso, IdEdificio) values ('Capacitacion', 97, 10);
insert into Sala (Tipo, IdPiso, IdEdificio) values ('Operaciones', 4, 8);
insert into Sala (Tipo, IdPiso, IdEdificio) values ('Capacitacion', 47, 8);
insert into Sala (Tipo, IdPiso, IdEdificio) values ('Operaciones', 28, 18);
insert into Sala (Tipo, IdPiso, IdEdificio) values ('Capacitacion', 50, 8);
insert into Sala (Tipo, IdPiso, IdEdificio) values ('Operaciones', 165, 6);
insert into Sala (Tipo, IdPiso, IdEdificio) values ('Operaciones', 103, 1);
insert into Sala (Tipo, IdPiso, IdEdificio) values ('Operaciones', 167, 13);
insert into Sala (Tipo, IdPiso, IdEdificio) values ('Capacitacion', 49, 19);
insert into Sala (Tipo, IdPiso, IdEdificio) values ('Operaciones', 169, 9);
insert into Sala (Tipo, IdPiso, IdEdificio) values ('Capacitacion', 125, 9);
insert into Sala (Tipo, IdPiso, IdEdificio) values ('Operaciones', 136, 18);
insert into Sala (Tipo, IdPiso, IdEdificio) values ('Capacitacion', 115, 4);
insert into Sala (Tipo, IdPiso, IdEdificio) values ('Capacitacion', 20, 14);
insert into Sala (Tipo, IdPiso, IdEdificio) values ('Operaciones', 150, 9);
insert into Sala (Tipo, IdPiso, IdEdificio) values ('Operaciones', 54, 17);
insert into Sala (Tipo, IdPiso, IdEdificio) values ('Capacitacion', 97, 10);
insert into Sala (Tipo, IdPiso, IdEdificio) values ('Operaciones', 96, 12);
insert into Sala (Tipo, IdPiso, IdEdificio) values ('Operaciones', 162, 18);
insert into Sala (Tipo, IdPiso, IdEdificio) values ('Operaciones', 137, 18);
insert into Sala (Tipo, IdPiso, IdEdificio) values ('Capacitacion', 172, 9);
insert into Sala (Tipo, IdPiso, IdEdificio) values ('Capacitacion', 20, 14);
insert into Sala (Tipo, IdPiso, IdEdificio) values ('Operaciones', 132, 10);
insert into Sala (Tipo, IdPiso, IdEdificio) values ('Operaciones', 173, 18);
insert into Sala (Tipo, IdPiso, IdEdificio) values ('Operaciones', 149, 12);
insert into Sala (Tipo, IdPiso, IdEdificio) values ('Capacitacion', 19, 20);
insert into Sala (Tipo, IdPiso, IdEdificio) values ('Capacitacion', 2, 4);
insert into Sala (Tipo, IdPiso, IdEdificio) values ('Operaciones', 54, 17);
insert into Sala (Tipo, IdPiso, IdEdificio) values ('Capacitacion', 86, 19);
insert into Sala (Tipo, IdPiso, IdEdificio) values ('Capacitacion', 173, 18);
insert into Sala (Tipo, IdPiso, IdEdificio) values ('Capacitacion', 12, 7);
insert into Sala (Tipo, IdPiso, IdEdificio) values ('Capacitacion', 76, 17);
insert into Sala (Tipo, IdPiso, IdEdificio) values ('Operaciones', 128, 10);
insert into Sala (Tipo, IdPiso, IdEdificio) values ('Capacitacion', 30, 18);
insert into Sala (Tipo, IdPiso, IdEdificio) values ('Capacitacion', 15, 2);
insert into Sala (Tipo, IdPiso, IdEdificio) values ('Capacitacion', 31, 7);
insert into Sala (Tipo, IdPiso, IdEdificio) values ('Capacitacion', 99, 13);
insert into Sala (Tipo, IdPiso, IdEdificio) values ('Capacitacion', 154, 9);
insert into Sala (Tipo, IdPiso, IdEdificio) values ('Operaciones', 162, 18);
insert into Sala (Tipo, IdPiso, IdEdificio) values ('Capacitacion', 103, 1);
insert into Sala (Tipo, IdPiso, IdEdificio) values ('Capacitacion', 2, 4);
insert into Sala (Tipo, IdPiso, IdEdificio) values ('Capacitacion', 121, 4);
insert into Sala (Tipo, IdPiso, IdEdificio) values ('Operaciones', 65, 20);
insert into Sala (Tipo, IdPiso, IdEdificio) values ('Operaciones', 167, 13);
insert into Sala (Tipo, IdPiso, IdEdificio) values ('Operaciones', 161, 2);
insert into Sala (Tipo, IdPiso, IdEdificio) values ('Operaciones', 122, 14);
insert into Sala (Tipo, IdPiso, IdEdificio) values ('Operaciones', 117, 14);
insert into Sala (Tipo, IdPiso, IdEdificio) values ('Operaciones', 155, 9);
insert into Sala (Tipo, IdPiso, IdEdificio) values ('Operaciones', 111, 3);
insert into Sala (Tipo, IdPiso, IdEdificio) values ('Capacitacion', 144, 7);
insert into Sala (Tipo, IdPiso, IdEdificio) values ('Capacitacion', 161, 2);
insert into Sala (Tipo, IdPiso, IdEdificio) values ('Capacitacion', 151, 17);
insert into Sala (Tipo, IdPiso, IdEdificio) values ('Capacitacion', 91, 13);
insert into Sala (Tipo, IdPiso, IdEdificio) values ('Operaciones', 165, 6);
insert into Sala (Tipo, IdPiso, IdEdificio) values ('Capacitacion', 52, 20);
insert into Sala (Tipo, IdPiso, IdEdificio) values ('Capacitacion', 39, 17);
insert into Sala (Tipo, IdPiso, IdEdificio) values ('Capacitacion', 153, 18);
insert into Sala (Tipo, IdPiso, IdEdificio) values ('Capacitacion', 4, 8);
insert into Sala (Tipo, IdPiso, IdEdificio) values ('Operaciones', 79, 6);
insert into Sala (Tipo, IdPiso, IdEdificio) values ('Operaciones', 35, 6);
insert into Sala (Tipo, IdPiso, IdEdificio) values ('Capacitacion', 30, 18);
insert into Sala (Tipo, IdPiso, IdEdificio) values ('Operaciones', 35, 6);
insert into Sala (Tipo, IdPiso, IdEdificio) values ('Operaciones', 72, 5);
insert into Sala (Tipo, IdPiso, IdEdificio) values ('Operaciones', 2, 4);
insert into Sala (Tipo, IdPiso, IdEdificio) values ('Capacitacion', 64, 2);
insert into Sala (Tipo, IdPiso, IdEdificio) values ('Capacitacion', 155, 9);
insert into Sala (Tipo, IdPiso, IdEdificio) values ('Capacitacion', 43, 15);
insert into Sala (Tipo, IdPiso, IdEdificio) values ('Capacitacion', 142, 11);
insert into Sala (Tipo, IdPiso, IdEdificio) values ('Operaciones', 110, 8);
insert into Sala (Tipo, IdPiso, IdEdificio) values ('Operaciones', 125, 9);
insert into Sala (Tipo, IdPiso, IdEdificio) values ('Capacitacion', 22, 6);
insert into Sala (Tipo, IdPiso, IdEdificio) values ('Capacitacion', 89, 19);
insert into Sala (Tipo, IdPiso, IdEdificio) values ('Capacitacion', 154, 9);
insert into Sala (Tipo, IdPiso, IdEdificio) values ('Operaciones', 14, 19);
insert into Sala (Tipo, IdPiso, IdEdificio) values ('Capacitacion', 164, 18);
insert into Sala (Tipo, IdPiso, IdEdificio) values ('Capacitacion', 51, 3);
insert into Sala (Tipo, IdPiso, IdEdificio) values ('Operaciones', 27, 16);
insert into Sala (Tipo, IdPiso, IdEdificio) values ('Operaciones', 82, 19);
insert into Sala (Tipo, IdPiso, IdEdificio) values ('Operaciones', 24, 16);
insert into Sala (Tipo, IdPiso, IdEdificio) values ('Operaciones', 42, 16);
insert into Sala (Tipo, IdPiso, IdEdificio) values ('Capacitacion', 144, 7);
insert into Sala (Tipo, IdPiso, IdEdificio) values ('Capacitacion', 41, 6);
insert into Sala (Tipo, IdPiso, IdEdificio) values ('Operaciones', 20, 14);
insert into Sala (Tipo, IdPiso, IdEdificio) values ('Operaciones', 47, 8);
insert into Sala (Tipo, IdPiso, IdEdificio) values ('Capacitacion', 94, 19);
insert into Sala (Tipo, IdPiso, IdEdificio) values ('Operaciones', 166, 18);
insert into Sala (Tipo, IdPiso, IdEdificio) values ('Capacitacion', 111, 3);
insert into Sala (Tipo, IdPiso, IdEdificio) values ('Operaciones', 150, 9);
insert into Sala (Tipo, IdPiso, IdEdificio) values ('Capacitacion', 88, 1);
insert into Sala (Tipo, IdPiso, IdEdificio) values ('Capacitacion', 108, 9);
insert into Sala (Tipo, IdPiso, IdEdificio) values ('Capacitacion', 42, 16);
insert into Sala (Tipo, IdPiso, IdEdificio) values ('Capacitacion', 29, 12);
insert into Sala (Tipo, IdPiso, IdEdificio) values ('Operaciones', 99, 13);
insert into Sala (Tipo, IdPiso, IdEdificio) values ('Operaciones', 62, 8);
insert into Sala (Tipo, IdPiso, IdEdificio) values ('Operaciones', 116, 6);
insert into Sala (Tipo, IdPiso, IdEdificio) values ('Capacitacion', 43, 15);
insert into Sala (Tipo, IdPiso, IdEdificio) values ('Operaciones', 150, 9);
insert into Sala (Tipo, IdPiso, IdEdificio) values ('Capacitacion', 104, 4);
insert into Sala (Tipo, IdPiso, IdEdificio) values ('Capacitacion', 16, 13);
insert into Sala (Tipo, IdPiso, IdEdificio) values ('Capacitacion', 15, 2);
insert into Sala (Tipo, IdPiso, IdEdificio) values ('Operaciones', 176, 16);
insert into Sala (Tipo, IdPiso, IdEdificio) values ('Capacitacion', 105, 5);
insert into Sala (Tipo, IdPiso, IdEdificio) values ('Operaciones', 47, 8);
insert into Sala (Tipo, IdPiso, IdEdificio) values ('Capacitacion', 123, 9);
insert into Sala (Tipo, IdPiso, IdEdificio) values ('Capacitacion', 156, 3);
insert into Sala (Tipo, IdPiso, IdEdificio) values ('Capacitacion', 18, 18);
insert into Sala (Tipo, IdPiso, IdEdificio) values ('Capacitacion', 120, 1);
insert into Sala (Tipo, IdPiso, IdEdificio) values ('Operaciones', 136, 18);
insert into Sala (Tipo, IdPiso, IdEdificio) values ('Operaciones', 162, 18);
insert into Sala (Tipo, IdPiso, IdEdificio) values ('Capacitacion', 154, 9);
insert into Sala (Tipo, IdPiso, IdEdificio) values ('Operaciones', 50, 8);
insert into Sala (Tipo, IdPiso, IdEdificio) values ('Capacitacion', 127, 14);
insert into Sala (Tipo, IdPiso, IdEdificio) values ('Capacitacion', 180, 2);
insert into Sala (Tipo, IdPiso, IdEdificio) values ('Capacitacion', 59, 2);
insert into Sala (Tipo, IdPiso, IdEdificio) values ('Operaciones', 134, 10);
insert into Sala (Tipo, IdPiso, IdEdificio) values ('Capacitacion', 1, 12);
insert into Sala (Tipo, IdPiso, IdEdificio) values ('Operaciones', 33, 1);
insert into Sala (Tipo, IdPiso, IdEdificio) values ('Operaciones', 9, 12);
insert into Sala (Tipo, IdPiso, IdEdificio) values ('Operaciones', 131, 9);
insert into Sala (Tipo, IdPiso, IdEdificio) values ('Operaciones', 18, 18);
insert into Sala (Tipo, IdPiso, IdEdificio) values ('Capacitacion', 110, 8);
insert into Sala (Tipo, IdPiso, IdEdificio) values ('Operaciones', 46, 6);
insert into Sala (Tipo, IdPiso, IdEdificio) values ('Operaciones', 141, 19);
insert into Sala (Tipo, IdPiso, IdEdificio) values ('Operaciones', 13, 3);
insert into Sala (Tipo, IdPiso, IdEdificio) values ('Capacitacion', 99, 13);
insert into Sala (Tipo, IdPiso, IdEdificio) values ('Operaciones', 109, 14);
insert into Sala (Tipo, IdPiso, IdEdificio) values ('Capacitacion', 66, 2);
insert into Sala (Tipo, IdPiso, IdEdificio) values ('Capacitacion', 121, 4);
insert into Sala (Tipo, IdPiso, IdEdificio) values ('Operaciones', 160, 14);
insert into Sala (Tipo, IdPiso, IdEdificio) values ('Operaciones', 144, 7);
insert into Sala (Tipo, IdPiso, IdEdificio) values ('Capacitacion', 177, 19);
insert into Sala (Tipo, IdPiso, IdEdificio) values ('Capacitacion', 129, 4);
insert into Sala (Tipo, IdPiso, IdEdificio) values ('Operaciones', 19, 20);
insert into Sala (Tipo, IdPiso, IdEdificio) values ('Operaciones', 116, 6);
insert into Sala (Tipo, IdPiso, IdEdificio) values ('Capacitacion', 164, 18);
insert into Sala (Tipo, IdPiso, IdEdificio) values ('Operaciones', 156, 3);
insert into Sala (Tipo, IdPiso, IdEdificio) values ('Operaciones', 174, 1);
insert into Sala (Tipo, IdPiso, IdEdificio) values ('Operaciones', 177, 19);
insert into Sala (Tipo, IdPiso, IdEdificio) values ('Operaciones', 180, 2);
insert into Sala (Tipo, IdPiso, IdEdificio) values ('Capacitacion', 56, 3);
insert into Sala (Tipo, IdPiso, IdEdificio) values ('Operaciones', 123, 9);
insert into Sala (Tipo, IdPiso, IdEdificio) values ('Operaciones', 166, 18);
insert into Sala (Tipo, IdPiso, IdEdificio) values ('Operaciones', 31, 7);
insert into Sala (Tipo, IdPiso, IdEdificio) values ('Capacitacion', 35, 6);
insert into Sala (Tipo, IdPiso, IdEdificio) values ('Operaciones', 73, 8);
insert into Sala (Tipo, IdPiso, IdEdificio) values ('Operaciones', 89, 19);
insert into Sala (Tipo, IdPiso, IdEdificio) values ('Operaciones', 118, 6);
insert into Sala (Tipo, IdPiso, IdEdificio) values ('Operaciones', 70, 8);
insert into Sala (Tipo, IdPiso, IdEdificio) values ('Operaciones', 91, 13);
insert into Sala (Tipo, IdPiso, IdEdificio) values ('Operaciones', 13, 3);
insert into Sala (Tipo, IdPiso, IdEdificio) values ('Capacitacion', 100, 19);
insert into Sala (Tipo, IdPiso, IdEdificio) values ('Capacitacion', 38, 5);
insert into Sala (Tipo, IdPiso, IdEdificio) values ('Capacitacion', 142, 11);
insert into Sala (Tipo, IdPiso, IdEdificio) values ('Operaciones', 151, 17);
insert into Sala (Tipo, IdPiso, IdEdificio) values ('Capacitacion', 134, 10);
insert into Sala (Tipo, IdPiso, IdEdificio) values ('Capacitacion', 54, 17);
insert into Sala (Tipo, IdPiso, IdEdificio) values ('Capacitacion', 23, 11);
insert into Sala (Tipo, IdPiso, IdEdificio) values ('Operaciones', 25, 16);
insert into Sala (Tipo, IdPiso, IdEdificio) values ('Capacitacion', 114, 7);
insert into Sala (Tipo, IdPiso, IdEdificio) values ('Operaciones', 104, 4);
insert into Sala (Tipo, IdPiso, IdEdificio) values ('Capacitacion', 154, 9);
insert into Sala (Tipo, IdPiso, IdEdificio) values ('Operaciones', 178, 6);
insert into Sala (Tipo, IdPiso, IdEdificio) values ('Operaciones', 79, 6);
insert into Sala (Tipo, IdPiso, IdEdificio) values ('Operaciones', 39, 17);
insert into Sala (Tipo, IdPiso, IdEdificio) values ('Capacitacion', 66, 2);
insert into Sala (Tipo, IdPiso, IdEdificio) values ('Operaciones', 137, 18);
insert into Sala (Tipo, IdPiso, IdEdificio) values ('Capacitacion', 75, 6);
insert into Sala (Tipo, IdPiso, IdEdificio) values ('Capacitacion', 57, 6);
insert into Sala (Tipo, IdPiso, IdEdificio) values ('Operaciones', 26, 7);
insert into Sala (Tipo, IdPiso, IdEdificio) values ('Operaciones', 76, 17);
insert into Sala (Tipo, IdPiso, IdEdificio) values ('Operaciones', 111, 3);
insert into Sala (Tipo, IdPiso, IdEdificio) values ('Capacitacion', 62, 8);
insert into Sala (Tipo, IdPiso, IdEdificio) values ('Operaciones', 96, 12);
insert into Sala (Tipo, IdPiso, IdEdificio) values ('Capacitacion', 52, 20);
insert into Sala (Tipo, IdPiso, IdEdificio) values ('Capacitacion', 52, 20);
insert into Sala (Tipo, IdPiso, IdEdificio) values ('Capacitacion', 72, 5);
insert into Sala (Tipo, IdPiso, IdEdificio) values ('Operaciones', 149, 12);
insert into Sala (Tipo, IdPiso, IdEdificio) values ('Operaciones', 17, 12);
insert into Sala (Tipo, IdPiso, IdEdificio) values ('Capacitacion', 24, 16);
insert into Sala (Tipo, IdPiso, IdEdificio) values ('Operaciones', 110, 8);
insert into Sala (Tipo, IdPiso, IdEdificio) values ('Capacitacion', 173, 18);
insert into Sala (Tipo, IdPiso, IdEdificio) values ('Capacitacion', 172, 9);
insert into Sala (Tipo, IdPiso, IdEdificio) values ('Capacitacion', 131, 9);
insert into Sala (Tipo, IdPiso, IdEdificio) values ('Capacitacion', 43, 15);
insert into Sala (Tipo, IdPiso, IdEdificio) values ('Capacitacion', 137, 18);
insert into Sala (Tipo, IdPiso, IdEdificio) values ('Capacitacion', 139, 12);
insert into Sala (Tipo, IdPiso, IdEdificio) values ('Operaciones', 25, 16);
insert into Sala (Tipo, IdPiso, IdEdificio) values ('Capacitacion', 29, 12);
insert into Sala (Tipo, IdPiso, IdEdificio) values ('Operaciones', 117, 14);
insert into Sala (Tipo, IdPiso, IdEdificio) values ('Capacitacion', 48, 12);
insert into Sala (Tipo, IdPiso, IdEdificio) values ('Operaciones', 143, 12);
insert into Sala (Tipo, IdPiso, IdEdificio) values ('Operaciones', 165, 6);
insert into Sala (Tipo, IdPiso, IdEdificio) values ('Operaciones', 147, 1);
insert into Sala (Tipo, IdPiso, IdEdificio) values ('Operaciones', 154, 9);
insert into Sala (Tipo, IdPiso, IdEdificio) values ('Capacitacion', 174, 1);
insert into Sala (Tipo, IdPiso, IdEdificio) values ('Capacitacion', 4, 8);
insert into Sala (Tipo, IdPiso, IdEdificio) values ('Operaciones', 70, 8);
insert into Sala (Tipo, IdPiso, IdEdificio) values ('Capacitacion', 39, 17);
insert into Sala (Tipo, IdPiso, IdEdificio) values ('Capacitacion', 20, 14);
insert into Sala (Tipo, IdPiso, IdEdificio) values ('Operaciones', 150, 9);
-- faltan varias
-- Entrenador
insert into Entrenador (CURP, Domicilio, ApellidoPaterno, ApellidoMaterno, Nombre, FechaDeNacimiento, correo, Fotografia, NSS, FechaIngreso, HorasPorSemana, IdSala) values ('XBMm36HUshEk22', '7 Karstens Alley', 'Burk', 'Anstis', 'Kora', '1905-09-18', 'kanstis0@mail.ru', 'NonVelitDonec.mpeg', '911', '2022-02-28', 11, 65);
insert into Entrenador (CURP, Domicilio, ApellidoPaterno, ApellidoMaterno, Nombre, FechaDeNacimiento, correo, Fotografia, NSS, FechaIngreso, HorasPorSemana, IdSala) values ('mbAZ96HZItCR52', '6 Loeprich Crossing', 'Skeates', 'Hoys', 'Gar', '1924-09-21', 'ghoys1@ihg.com', 'EgetSemper.ppt', '111', '2021-08-16', 5, 358);
insert into Entrenador (CURP, Domicilio, ApellidoPaterno, ApellidoMaterno, Nombre, FechaDeNacimiento, correo, Fotografia, NSS, FechaIngreso, HorasPorSemana, IdSala) values ('jYly26HCSglv12', '55 Dryden Plaza', 'Giddons', 'Ritch', 'Germana', '2007-06-19', 'gritch2@sohu.com', 'VestibulumProin.mp3', '011', '2021-09-09', 24, 209);
insert into Entrenador (CURP, Domicilio, ApellidoPaterno, ApellidoMaterno, Nombre, FechaDeNacimiento, correo, Fotografia, NSS, FechaIngreso, HorasPorSemana, IdSala) values ('rwpU86MFuwWg82', '222 Forest Center', 'Corah', 'Downton', 'Marjory', '1937-04-03', 'mdownton3@live.com', 'Magna.mp3', '911', '2022-11-28', 30, 157);
insert into Entrenador (CURP, Domicilio, ApellidoPaterno, ApellidoMaterno, Nombre, FechaDeNacimiento, correo, Fotografia, NSS, FechaIngreso, HorasPorSemana, IdSala) values ('GrRC06MmwoRv12', '902 Merrick Drive', 'Hassey', 'Knowlson', 'Royal', '1979-11-09', 'rknowlson4@ed.gov', 'NullaNislNunc.xls', '011', '2022-02-11', 20, 66);
insert into Entrenador (CURP, Domicilio, ApellidoPaterno, ApellidoMaterno, Nombre, FechaDeNacimiento, correo, Fotografia, NSS, FechaIngreso, HorasPorSemana, IdSala) values ('DCXI86MZWRcl02', '01 Chinook Point', 'Woolens', 'Osant', 'Bella', '1965-03-17', 'bosant5@skyrock.com', 'Volutpat.xls', '311', '2021-03-07', 12, 11);
insert into Entrenador (CURP, Domicilio, ApellidoPaterno, ApellidoMaterno, Nombre, FechaDeNacimiento, correo, Fotografia, NSS, FechaIngreso, HorasPorSemana, IdSala) values ('VOrT56MYxoiP32', '818 Montana Way', 'Le Prevost', 'Jerdon', 'Dolly', '1907-09-26', 'djerdon6@hexun.com', 'Molestie.avi', '911', '2022-03-28', 14, 345);
insert into Entrenador (CURP, Domicilio, ApellidoPaterno, ApellidoMaterno, Nombre, FechaDeNacimiento, correo, Fotografia, NSS, FechaIngreso, HorasPorSemana, IdSala) values ('cXAb36MoVzMA72', '666 Quincy Pass', 'Haylands', 'Lamputt', 'Corney', '1951-04-04', 'clamputt7@chronoengine.com', 'InLiberoUt.gif', '511', '2021-09-05', 27, 434);
insert into Entrenador (CURP, Domicilio, ApellidoPaterno, ApellidoMaterno, Nombre, FechaDeNacimiento, correo, Fotografia, NSS, FechaIngreso, HorasPorSemana, IdSala) values ('AfWh46HqFWnU22', '472 Elmside Terrace', 'Acome', 'Dingate', 'Bertie', '1999-08-31', 'bdingate8@fema.gov', 'ElementumNullamVarius.xls', '311', '2022-02-01', 20, 432);
insert into Entrenador (CURP, Domicilio, ApellidoPaterno, ApellidoMaterno, Nombre, FechaDeNacimiento, correo, Fotografia, NSS, FechaIngreso, HorasPorSemana, IdSala) values ('eflk46HzZRGi72', '21 Tomscot Terrace', 'Kembry', 'Kalinke', 'Cherin', '1940-01-21', 'ckalinke9@discuz.net', 'EstPhasellus.xls', '911', '2022-09-10', 12, 416);
insert into Entrenador (CURP, Domicilio, ApellidoPaterno, ApellidoMaterno, Nombre, FechaDeNacimiento, correo, Fotografia, NSS, FechaIngreso, HorasPorSemana, IdSala) values ('XeOa76HuezCZ72', '60 6th Alley', 'Howood', 'Royall', 'Horatio', '1937-09-17', 'hroyalla@flickr.com', 'AmetSem.ppt', '711', '2022-11-12', 10, 202);
insert into Entrenador (CURP, Domicilio, ApellidoPaterno, ApellidoMaterno, Nombre, FechaDeNacimiento, correo, Fotografia, NSS, FechaIngreso, HorasPorSemana, IdSala) values ('alzo06MWHQPI42', '5 American Ash Street', 'Maddy', 'Melior', 'Elisa', '1950-04-12', 'emeliorb@umn.edu', 'IntegerTincidunt.avi', '411', '2021-05-05', 36, 501);
insert into Entrenador (CURP, Domicilio, ApellidoPaterno, ApellidoMaterno, Nombre, FechaDeNacimiento, correo, Fotografia, NSS, FechaIngreso, HorasPorSemana, IdSala) values ('drLw06HfcqhU12', '03 Rieder Plaza', 'McCorley', 'Napier', 'Ranee', '1992-03-11', 'rnapierc@i2i.jp', 'At.gif', '811', '2022-08-15', 20, 28);
insert into Entrenador (CURP, Domicilio, ApellidoPaterno, ApellidoMaterno, Nombre, FechaDeNacimiento, correo, Fotografia, NSS, FechaIngreso, HorasPorSemana, IdSala) values ('itcD06MreRyH02', '0325 Redwing Road', 'Parsons', 'Gallimore', 'Cami', '1985-04-05', 'cgallimored@4shared.com', 'EgetRutrum.mp3', '211', '2021-06-16', 40, 14);
insert into Entrenador (CURP, Domicilio, ApellidoPaterno, ApellidoMaterno, Nombre, FechaDeNacimiento, correo, Fotografia, NSS, FechaIngreso, HorasPorSemana, IdSala) values ('uLvW16MaZqtX62', '1 Dawn Junction', 'Northage', 'Schach', 'Birk', '2007-08-10', 'bschache@yale.edu', 'DuisAc.xls', '111', '2022-04-02', 19, 199);
insert into Entrenador (CURP, Domicilio, ApellidoPaterno, ApellidoMaterno, Nombre, FechaDeNacimiento, correo, Fotografia, NSS, FechaIngreso, HorasPorSemana, IdSala) values ('rovA96MKlSku92', '31525 Nobel Junction', 'McIlharga', 'McConnel', 'Teddy', '1998-07-09', 'tmcconnelf@wisc.edu', 'Congue.mp3', '111', '2021-01-22', 29, 230);
insert into Entrenador (CURP, Domicilio, ApellidoPaterno, ApellidoMaterno, Nombre, FechaDeNacimiento, correo, Fotografia, NSS, FechaIngreso, HorasPorSemana, IdSala) values ('okjE66HjzChy72', '1530 Delaware Road', 'Gilchriest', 'Eustanch', 'Chantal', '1901-04-30', 'ceustanchg@apache.org', 'AccumsanTortorQuis.jpeg', '111', '2020-12-14', 27, 269);
insert into Entrenador (CURP, Domicilio, ApellidoPaterno, ApellidoMaterno, Nombre, FechaDeNacimiento, correo, Fotografia, NSS, FechaIngreso, HorasPorSemana, IdSala) values ('rePN76HlVKgF32', '87447 Golf Circle', 'O''Dare', 'Di Carlo', 'Shelby', '1902-06-04', 'sdicarloh@nyu.edu', 'ConsectetuerEgetRutrum.ppt', '511', '2021-04-10', 29, 521);
insert into Entrenador (CURP, Domicilio, ApellidoPaterno, ApellidoMaterno, Nombre, FechaDeNacimiento, correo, Fotografia, NSS, FechaIngreso, HorasPorSemana, IdSala) values ('MEga66MVpURl72', '34599 Quincy Alley', 'Jerrolt', 'Sterland', 'Corey', '1989-11-12', 'csterlandi@telegraph.co.uk', 'MagnisDisParturient.mov', '511', '2022-03-11', 5, 205);
insert into Entrenador (CURP, Domicilio, ApellidoPaterno, ApellidoMaterno, Nombre, FechaDeNacimiento, correo, Fotografia, NSS, FechaIngreso, HorasPorSemana, IdSala) values ('BKOy96MGFnkY82', '684 Shasta Parkway', 'Besantie', 'Glasner', 'Chandal', '1989-01-21', 'cglasnerj@istockphoto.com', 'Phasellus.mpeg', '611', '2021-09-21', 39, 202);
insert into Entrenador (CURP, Domicilio, ApellidoPaterno, ApellidoMaterno, Nombre, FechaDeNacimiento, correo, Fotografia, NSS, FechaIngreso, HorasPorSemana, IdSala) values ('vHfK16HvqFwI82', '9206 Steensland Alley', 'Shimmin', 'Parram', 'Rafa', '2006-08-05', 'rparramk@yelp.com', 'Ante.doc', '211', '2021-05-22', 20, 375);
insert into Entrenador (CURP, Domicilio, ApellidoPaterno, ApellidoMaterno, Nombre, FechaDeNacimiento, correo, Fotografia, NSS, FechaIngreso, HorasPorSemana, IdSala) values ('suIz26HkHPsm22', '2005 Fallview Parkway', 'Schinetti', 'Bernat', 'Gwenette', '1975-12-23', 'gbernatl@google.com.au', 'VenenatisTurpisEnim.ppt', '211', '2022-04-03', 23, 580);
insert into Entrenador (CURP, Domicilio, ApellidoPaterno, ApellidoMaterno, Nombre, FechaDeNacimiento, correo, Fotografia, NSS, FechaIngreso, HorasPorSemana, IdSala) values ('vWMg76MIEOeU02', '60322 Bultman Alley', 'Arnal', 'Jacquemet', 'Giovanna', '2013-08-21', 'gjacquemetm@netvibes.com', 'Nulla.txt', '711', '2021-12-31', 14, 29);
insert into Entrenador (CURP, Domicilio, ApellidoPaterno, ApellidoMaterno, Nombre, FechaDeNacimiento, correo, Fotografia, NSS, FechaIngreso, HorasPorSemana, IdSala) values ('koEz36HZJqXQ42', '28 Debra Pass', 'Berfoot', 'Giacoppo', 'Tam', '1952-10-15', 'tgiacoppon@altervista.org', 'VelitVivamusVel.doc', '011', '2021-01-14', 17, 585);
insert into Entrenador (CURP, Domicilio, ApellidoPaterno, ApellidoMaterno, Nombre, FechaDeNacimiento, correo, Fotografia, NSS, FechaIngreso, HorasPorSemana, IdSala) values ('HwiF86MmzLNa32', '6 Dayton Street', 'Skewis', 'Van', 'Roseanne', '1955-02-18', 'rvano@stanford.edu', 'ConvallisDuis.xls', '011', '2022-06-11', 27, 153);
insert into Entrenador (CURP, Domicilio, ApellidoPaterno, ApellidoMaterno, Nombre, FechaDeNacimiento, correo, Fotografia, NSS, FechaIngreso, HorasPorSemana, IdSala) values ('wuHq36MAnVLY92', '85 Park Meadow Crossing', 'Corradetti', 'Tatlowe', 'Giacomo', '1996-03-15', 'gtatlowep@mediafire.com', 'Ipsum.mp3', '011', '2022-11-13', 40, 491);
insert into Entrenador (CURP, Domicilio, ApellidoPaterno, ApellidoMaterno, Nombre, FechaDeNacimiento, correo, Fotografia, NSS, FechaIngreso, HorasPorSemana, IdSala) values ('hXWt06MChjXF22', '30 Morrow Crossing', 'Jagson', 'Gooly', 'Evangelin', '2002-01-20', 'egoolyq@unicef.org', 'ProinEuMi.mp3', '211', '2021-11-29', 20, 319);
insert into Entrenador (CURP, Domicilio, ApellidoPaterno, ApellidoMaterno, Nombre, FechaDeNacimiento, correo, Fotografia, NSS, FechaIngreso, HorasPorSemana, IdSala) values ('KSlj56HQvmsb32', '68 Dennis Parkway', 'Cardiff', 'Schellig', 'Alfonse', '1916-05-19', 'aschelligr@jigsy.com', 'SitAmetEros.ppt', '811', '2022-05-25', 33, 456);
insert into Entrenador (CURP, Domicilio, ApellidoPaterno, ApellidoMaterno, Nombre, FechaDeNacimiento, correo, Fotografia, NSS, FechaIngreso, HorasPorSemana, IdSala) values ('Dphv26MDFEbg92', '10342 Commercial Crossing', 'Leacy', 'Annesley', 'Bride', '1933-08-01', 'bannesleys@storify.com', 'MattisOdioDonec.ppt', '011', '2022-04-19', 24, 241);
insert into Entrenador (CURP, Domicilio, ApellidoPaterno, ApellidoMaterno, Nombre, FechaDeNacimiento, correo, Fotografia, NSS, FechaIngreso, HorasPorSemana, IdSala) values ('AeiE76MOfuRk32', '8234 Anderson Avenue', 'Magill', 'McCollum', 'Sandor', '1989-12-02', 'smccollumt@sciencedaily.com', 'Vel.png', '711', '2021-05-16', 37, 350);
insert into Entrenador (CURP, Domicilio, ApellidoPaterno, ApellidoMaterno, Nombre, FechaDeNacimiento, correo, Fotografia, NSS, FechaIngreso, HorasPorSemana, IdSala) values ('upPc26MpxEHT42', '594 Hansons Trail', 'Dallon', 'Clausius', 'Lindon', '1914-10-13', 'lclausiusu@so-net.ne.jp', 'PotentiNullamPorttitor.jpeg', '611', '2021-12-19', 8, 429);
insert into Entrenador (CURP, Domicilio, ApellidoPaterno, ApellidoMaterno, Nombre, FechaDeNacimiento, correo, Fotografia, NSS, FechaIngreso, HorasPorSemana, IdSala) values ('Icbj86MjuVYQ02', '59 Tennessee Place', 'Mettericke', 'Brickhill', 'Benedict', '2017-07-04', 'bbrickhillv@adobe.com', 'DiamIn.mp3', '911', '2022-02-10', 8, 382);
insert into Entrenador (CURP, Domicilio, ApellidoPaterno, ApellidoMaterno, Nombre, FechaDeNacimiento, correo, Fotografia, NSS, FechaIngreso, HorasPorSemana, IdSala) values ('dVXj76MLDjBw22', '9549 Dawn Junction', 'Hasson', 'Gransden', 'Carmelle', '1972-02-04', 'cgransdenw@51.la', 'IdNislVenenatis.png', '011', '2022-06-14', 17, 245);
insert into Entrenador (CURP, Domicilio, ApellidoPaterno, ApellidoMaterno, Nombre, FechaDeNacimiento, correo, Fotografia, NSS, FechaIngreso, HorasPorSemana, IdSala) values ('ujlM76MWSqhK62', '95842 Michigan Center', 'Vasyanin', 'Pengelley', 'Estele', '2014-02-09', 'epengelleyx@comcast.net', 'MontesNascetur.xls', '611', '2020-12-16', 8, 241);
insert into Entrenador (CURP, Domicilio, ApellidoPaterno, ApellidoMaterno, Nombre, FechaDeNacimiento, correo, Fotografia, NSS, FechaIngreso, HorasPorSemana, IdSala) values ('zTFl76HyksKo72', '450 Tomscot Road', 'Walkling', 'Kamienski', 'Janetta', '1939-03-08', 'jkamienskiy@sakura.ne.jp', 'Nulla.avi', '211', '2021-07-28', 28, 476);
insert into Entrenador (CURP, Domicilio, ApellidoPaterno, ApellidoMaterno, Nombre, FechaDeNacimiento, correo, Fotografia, NSS, FechaIngreso, HorasPorSemana, IdSala) values ('yQOg66HfZFuI72', '53 Bobwhite Place', 'Seiter', 'Seath', 'Isobel', '1987-07-26', 'iseathz@army.mil', 'MagnaAtNunc.png', '211', '2021-12-02', 22, 77);
insert into Entrenador (CURP, Domicilio, ApellidoPaterno, ApellidoMaterno, Nombre, FechaDeNacimiento, correo, Fotografia, NSS, FechaIngreso, HorasPorSemana, IdSala) values ('sLWm26HtpZub12', '8561 Basil Park', 'Siebert', 'Spence', 'Cecil', '1932-05-22', 'cspence10@phpbb.com', 'FaucibusAccumsan.mpeg', '311', '2021-12-21', 9, 317);
insert into Entrenador (CURP, Domicilio, ApellidoPaterno, ApellidoMaterno, Nombre, FechaDeNacimiento, correo, Fotografia, NSS, FechaIngreso, HorasPorSemana, IdSala) values ('CHmW36HVnDvI92', '90 Butternut Way', 'Beange', 'Weall', 'Nissie', '1986-09-19', 'nweall11@ibm.com', 'NequeDuisBibendum.avi', '611', '2021-05-21', 28, 555);
insert into Entrenador (CURP, Domicilio, ApellidoPaterno, ApellidoMaterno, Nombre, FechaDeNacimiento, correo, Fotografia, NSS, FechaIngreso, HorasPorSemana, IdSala) values ('ovEh26HXoPeR52', '81 Manitowish Park', 'Lemmen', 'Merton', 'Melony', '1997-06-16', 'mmerton12@bing.com', 'SedAccumsan.ppt', '711', '2022-06-03', 30, 58);
insert into Entrenador (CURP, Domicilio, ApellidoPaterno, ApellidoMaterno, Nombre, FechaDeNacimiento, correo, Fotografia, NSS, FechaIngreso, HorasPorSemana, IdSala) values ('QKWo36MGpAdn22', '43049 6th Place', 'Cutmere', 'Tharme', 'Carena', '1914-11-03', 'ctharme13@alibaba.com', 'PosuereCubilia.xls', '111', '2021-12-08', 11, 204);
insert into Entrenador (CURP, Domicilio, ApellidoPaterno, ApellidoMaterno, Nombre, FechaDeNacimiento, correo, Fotografia, NSS, FechaIngreso, HorasPorSemana, IdSala) values ('NHPw36HRseLd02', '661 Westend Plaza', 'Mapletoft', 'Kaszper', 'Violante', '1925-10-19', 'vkaszper14@icq.com', 'SapienQuisLibero.xls', '711', '2020-12-07', 30, 509);
insert into Entrenador (CURP, Domicilio, ApellidoPaterno, ApellidoMaterno, Nombre, FechaDeNacimiento, correo, Fotografia, NSS, FechaIngreso, HorasPorSemana, IdSala) values ('bWoC46MdHLnb62', '82 Dixon Junction', 'De la Yglesia', 'Cummins', 'Cello', '2009-09-07', 'ccummins15@eepurl.com', 'JustoSit.doc', '511', '2022-03-23', 16, 308);
insert into Entrenador (CURP, Domicilio, ApellidoPaterno, ApellidoMaterno, Nombre, FechaDeNacimiento, correo, Fotografia, NSS, FechaIngreso, HorasPorSemana, IdSala) values ('qKNX16HTOdcH02', '665 Buell Circle', 'Derham', 'Tattershaw', 'Gil', '1977-09-15', 'gtattershaw16@auda.org.au', 'Donec.png', '311', '2021-06-05', 28, 294);
insert into Entrenador (CURP, Domicilio, ApellidoPaterno, ApellidoMaterno, Nombre, FechaDeNacimiento, correo, Fotografia, NSS, FechaIngreso, HorasPorSemana, IdSala) values ('GgJW86HznyBa12', '19 Loomis Way', 'Elliss', 'Waeland', 'Rachele', '2002-01-16', 'rwaeland17@zdnet.com', 'Consequat.tiff', '711', '2022-10-12', 8, 230);
insert into Entrenador (CURP, Domicilio, ApellidoPaterno, ApellidoMaterno, Nombre, FechaDeNacimiento, correo, Fotografia, NSS, FechaIngreso, HorasPorSemana, IdSala) values ('euLJ36HhmNpZ02', '24 Stoughton Avenue', 'Czajkowski', 'Chewter', 'Crystal', '2003-03-05', 'cchewter18@wsj.com', 'ConsequatLectusIn.xls', '811', '2021-12-09', 33, 184);
insert into Entrenador (CURP, Domicilio, ApellidoPaterno, ApellidoMaterno, Nombre, FechaDeNacimiento, correo, Fotografia, NSS, FechaIngreso, HorasPorSemana, IdSala) values ('EtwC96HdZuHb92', '62 Anniversary Center', 'Lambot', 'Mohammed', 'Adolpho', '1925-03-24', 'amohammed19@addtoany.com', 'InterdumMauris.avi', '711', '2021-03-22', 19, 324);
insert into Entrenador (CURP, Domicilio, ApellidoPaterno, ApellidoMaterno, Nombre, FechaDeNacimiento, correo, Fotografia, NSS, FechaIngreso, HorasPorSemana, IdSala) values ('cbxU16MIcvdK82', '703 Rigney Junction', 'Abrehart', 'Lansdown', 'Carlee', '1990-10-14', 'clansdown1a@homestead.com', 'InPurus.jpeg', '911', '2022-06-07', 34, 26);
insert into Entrenador (CURP, Domicilio, ApellidoPaterno, ApellidoMaterno, Nombre, FechaDeNacimiento, correo, Fotografia, NSS, FechaIngreso, HorasPorSemana, IdSala) values ('EHuU96HWxMEb52', '56975 Tennyson Road', 'Paddick', 'Ferryman', 'Alfie', '1990-04-20', 'aferryman1b@a8.net', 'LoremVitae.xls', '611', '2022-08-10', 39, 89);
insert into Entrenador (CURP, Domicilio, ApellidoPaterno, ApellidoMaterno, Nombre, FechaDeNacimiento, correo, Fotografia, NSS, FechaIngreso, HorasPorSemana, IdSala) values ('YTuS26HhXWTV52', '4 Maywood Parkway', 'Rowbury', 'Sycamore', 'Kym', '1988-12-14', 'ksycamore1c@blogs.com', 'Non.mov', '011', '2021-06-29', 27, 507);
insert into Entrenador (CURP, Domicilio, ApellidoPaterno, ApellidoMaterno, Nombre, FechaDeNacimiento, correo, Fotografia, NSS, FechaIngreso, HorasPorSemana, IdSala) values ('qOvc06MgLQSW22', '91447 Maple Crossing', 'Ziem', 'Veldens', 'Lorry', '1970-07-06', 'lveldens1d@loc.gov', 'PedePosuere.ppt', '011', '2020-12-19', 25, 524);
insert into Entrenador (CURP, Domicilio, ApellidoPaterno, ApellidoMaterno, Nombre, FechaDeNacimiento, correo, Fotografia, NSS, FechaIngreso, HorasPorSemana, IdSala) values ('MHlf36MYABpX22', '23430 Summer Ridge Alley', 'Fensome', 'Hatherley', 'Germain', '1933-10-18', 'ghatherley1e@noaa.gov', 'VolutpatQuam.ppt', '311', '2021-03-13', 28, 221);
insert into Entrenador (CURP, Domicilio, ApellidoPaterno, ApellidoMaterno, Nombre, FechaDeNacimiento, correo, Fotografia, NSS, FechaIngreso, HorasPorSemana, IdSala) values ('mcdO86MbIkoY62', '2078 Aberg Court', 'Ziemke', 'Salandino', 'Morganne', '1973-03-15', 'msalandino1f@baidu.com', 'Donec.mpeg', '111', '2022-04-06', 35, 79);
insert into Entrenador (CURP, Domicilio, ApellidoPaterno, ApellidoMaterno, Nombre, FechaDeNacimiento, correo, Fotografia, NSS, FechaIngreso, HorasPorSemana, IdSala) values ('hkEI76MkneZR42', '35 Orin Park', 'Batterham', 'Newbigging', 'Juana', '2007-03-21', 'jnewbigging1g@discovery.com', 'Volutpat.mpeg', '711', '2022-02-04', 6, 451);
insert into Entrenador (CURP, Domicilio, ApellidoPaterno, ApellidoMaterno, Nombre, FechaDeNacimiento, correo, Fotografia, NSS, FechaIngreso, HorasPorSemana, IdSala) values ('miZg86MStiFm02', '29 Mayfield Center', 'Moar', 'Ventam', 'Arch', '1921-09-03', 'aventam1h@accuweather.com', 'Lorem.ppt', '311', '2021-09-07', 6, 455);
insert into Entrenador (CURP, Domicilio, ApellidoPaterno, ApellidoMaterno, Nombre, FechaDeNacimiento, correo, Fotografia, NSS, FechaIngreso, HorasPorSemana, IdSala) values ('kdBE96MsxNWv62', '05496 Morning Court', 'Chatteris', 'Burns', 'Codi', '2006-09-02', 'cburns1i@netlog.com', 'AmetConsectetuer.ppt', '911', '2021-11-22', 11, 322);
insert into Entrenador (CURP, Domicilio, ApellidoPaterno, ApellidoMaterno, Nombre, FechaDeNacimiento, correo, Fotografia, NSS, FechaIngreso, HorasPorSemana, IdSala) values ('eBwr06MSXaZp22', '262 Crowley Crossing', 'Rumsby', 'Angel', 'Kennan', '1988-07-17', 'kangel1j@posterous.com', 'EratNullaTempus.pdf', '511', '2022-01-11', 39, 197);
insert into Entrenador (CURP, Domicilio, ApellidoPaterno, ApellidoMaterno, Nombre, FechaDeNacimiento, correo, Fotografia, NSS, FechaIngreso, HorasPorSemana, IdSala) values ('bIcY76HtKdXh72', '71846 Lakewood Gardens Trail', 'Hagston', 'Phelan', 'Marysa', '1958-10-30', 'mphelan1k@dot.gov', 'CursusVestibulumProin.mp3', '011', '2022-02-24', 40, 389);
insert into Entrenador (CURP, Domicilio, ApellidoPaterno, ApellidoMaterno, Nombre, FechaDeNacimiento, correo, Fotografia, NSS, FechaIngreso, HorasPorSemana, IdSala) values ('HEAY96MulbBM42', '1137 Garrison Hill', 'Sainter', 'McCleary', 'Frazier', '1953-12-22', 'fmccleary1l@acquirethisname.com', 'DisParturient.ppt', '911', '2021-01-11', 15, 511);
insert into Entrenador (CURP, Domicilio, ApellidoPaterno, ApellidoMaterno, Nombre, FechaDeNacimiento, correo, Fotografia, NSS, FechaIngreso, HorasPorSemana, IdSala) values ('MwVZ96MLHmRn02', '9 Haas Junction', 'Ricards', 'Popescu', 'Barney', '2010-09-03', 'bpopescu1m@surveymonkey.com', 'At.mp3', '211', '2021-05-29', 22, 36);
insert into Entrenador (CURP, Domicilio, ApellidoPaterno, ApellidoMaterno, Nombre, FechaDeNacimiento, correo, Fotografia, NSS, FechaIngreso, HorasPorSemana, IdSala) values ('GPpo76HUrdwE32', '849 Corscot Road', 'Sparke', 'Oxx', 'Carlo', '2014-02-18', 'coxx1n@nyu.edu', 'EstQuamPharetra.ppt', '611', '2022-11-23', 27, 580);
insert into Entrenador (CURP, Domicilio, ApellidoPaterno, ApellidoMaterno, Nombre, FechaDeNacimiento, correo, Fotografia, NSS, FechaIngreso, HorasPorSemana, IdSala) values ('GQxl26MhpXVB22', '42 West Alley', 'Petera', 'Ramble', 'Aldin', '1923-04-21', 'aramble1o@vk.com', 'UtEratId.txt', '811', '2022-03-05', 10, 10);
insert into Entrenador (CURP, Domicilio, ApellidoPaterno, ApellidoMaterno, Nombre, FechaDeNacimiento, correo, Fotografia, NSS, FechaIngreso, HorasPorSemana, IdSala) values ('KxUf46HPdzOt62', '20 Arapahoe Alley', 'Jeremaes', 'Antoniades', 'Aland', '2005-09-30', 'aantoniades1p@rakuten.co.jp', 'DuiNecNisi.mov', '111', '2021-11-26', 34, 282);
insert into Entrenador (CURP, Domicilio, ApellidoPaterno, ApellidoMaterno, Nombre, FechaDeNacimiento, correo, Fotografia, NSS, FechaIngreso, HorasPorSemana, IdSala) values ('KehV76MGWyzq02', '95639 Dovetail Trail', 'Cullinan', 'Starling', 'Joelynn', '2004-07-19', 'jstarling1q@yelp.com', 'Dictumst.ppt', '311', '2021-11-23', 33, 447);
insert into Entrenador (CURP, Domicilio, ApellidoPaterno, ApellidoMaterno, Nombre, FechaDeNacimiento, correo, Fotografia, NSS, FechaIngreso, HorasPorSemana, IdSala) values ('jSVc66HHtsjn72', '25 Di Loreto Trail', 'Jermy', 'Loache', 'Anna-diane', '1977-02-16', 'aloache1r@ycombinator.com', 'InTempusSit.xls', '211', '2021-11-14', 34, 114);
insert into Entrenador (CURP, Domicilio, ApellidoPaterno, ApellidoMaterno, Nombre, FechaDeNacimiento, correo, Fotografia, NSS, FechaIngreso, HorasPorSemana, IdSala) values ('xBCk26MJgnLu62', '3 Anhalt Alley', 'Bathowe', 'Marcq', 'Malynda', '2018-03-14', 'mmarcq1s@tiny.cc', 'Eu.ppt', '211', '2022-02-23', 32, 570);
insert into Entrenador (CURP, Domicilio, ApellidoPaterno, ApellidoMaterno, Nombre, FechaDeNacimiento, correo, Fotografia, NSS, FechaIngreso, HorasPorSemana, IdSala) values ('MQjt66HsXipU02', '7696 Oneill Road', 'Hulme', 'Alcido', 'Giulia', '1981-04-28', 'galcido1t@google.ca', 'AliquamNonMauris.ppt', '311', '2022-05-06', 15, 385);
insert into Entrenador (CURP, Domicilio, ApellidoPaterno, ApellidoMaterno, Nombre, FechaDeNacimiento, correo, Fotografia, NSS, FechaIngreso, HorasPorSemana, IdSala) values ('Odxz66HFvrPM52', '731 Eagle Crest Hill', 'Cassar', 'Wetherill', 'Ariana', '1939-07-21', 'awetherill1u@liveinternet.ru', 'EgetCongueEget.gif', '611', '2021-03-13', 13, 381);
insert into Entrenador (CURP, Domicilio, ApellidoPaterno, ApellidoMaterno, Nombre, FechaDeNacimiento, correo, Fotografia, NSS, FechaIngreso, HorasPorSemana, IdSala) values ('mMRX06HCfJQd22', '8 Mandrake Plaza', 'Erie', 'Hoyte', 'Xena', '1977-03-29', 'xhoyte1v@gnu.org', 'SitAmetCursus.tiff', '511', '2021-08-04', 33, 165);
insert into Entrenador (CURP, Domicilio, ApellidoPaterno, ApellidoMaterno, Nombre, FechaDeNacimiento, correo, Fotografia, NSS, FechaIngreso, HorasPorSemana, IdSala) values ('HheE46MeQhoK52', '69 Mesta Lane', 'Avrahamoff', 'O'' Hern', 'Carmelle', '1971-10-10', 'cohern1w@ox.ac.uk', 'CongueRisus.gif', '711', '2021-02-20', 29, 166);
insert into Entrenador (CURP, Domicilio, ApellidoPaterno, ApellidoMaterno, Nombre, FechaDeNacimiento, correo, Fotografia, NSS, FechaIngreso, HorasPorSemana, IdSala) values ('qzJf86HeDtBU52', '565 Sutherland Terrace', 'Alliker', 'Cawley', 'Valry', '2006-05-03', 'vcawley1x@plala.or.jp', 'VenenatisTurpis.jpeg', '011', '2022-05-20', 38, 205);
insert into Entrenador (CURP, Domicilio, ApellidoPaterno, ApellidoMaterno, Nombre, FechaDeNacimiento, correo, Fotografia, NSS, FechaIngreso, HorasPorSemana, IdSala) values ('FDjO26MhpNde82', '650 Golf Course Avenue', 'Browne', 'Slucock', 'Oona', '1981-03-09', 'oslucock1y@msn.com', 'SedLacus.xls', '411', '2021-07-08', 38, 150);
insert into Entrenador (CURP, Domicilio, ApellidoPaterno, ApellidoMaterno, Nombre, FechaDeNacimiento, correo, Fotografia, NSS, FechaIngreso, HorasPorSemana, IdSala) values ('uJFk86MzULvJ92', '1843 Anzinger Crossing', 'O''Downe', 'Musprat', 'Akim', '1999-07-16', 'amusprat1z@google.pl', 'Id.txt', '111', '2021-09-08', 23, 260);
insert into Entrenador (CURP, Domicilio, ApellidoPaterno, ApellidoMaterno, Nombre, FechaDeNacimiento, correo, Fotografia, NSS, FechaIngreso, HorasPorSemana, IdSala) values ('eXAW36MCGNrk72', '292 Dunning Pass', 'Minchinden', 'Vedeneev', 'Shaun', '1990-06-08', 'svedeneev20@furl.net', 'AtIpsum.mpeg', '011', '2021-01-26', 21, 183);
insert into Entrenador (CURP, Domicilio, ApellidoPaterno, ApellidoMaterno, Nombre, FechaDeNacimiento, correo, Fotografia, NSS, FechaIngreso, HorasPorSemana, IdSala) values ('FexN36HxHfbM52', '57 West Center', 'Bowsher', 'Penchen', 'Frieda', '1975-12-05', 'fpenchen21@example.com', 'ElementumInHac.avi', '811', '2022-10-23', 27, 360);
insert into Entrenador (CURP, Domicilio, ApellidoPaterno, ApellidoMaterno, Nombre, FechaDeNacimiento, correo, Fotografia, NSS, FechaIngreso, HorasPorSemana, IdSala) values ('qxBI66HRgtFS82', '13218 Hanson Trail', 'Karran', 'Brimham', 'Kirsti', '1992-03-01', 'kbrimham22@sphinn.com', 'DolorSit.tiff', '711', '2022-01-10', 24, 551);
insert into Entrenador (CURP, Domicilio, ApellidoPaterno, ApellidoMaterno, Nombre, FechaDeNacimiento, correo, Fotografia, NSS, FechaIngreso, HorasPorSemana, IdSala) values ('TSpu96HPGjFm72', '57995 Springs Plaza', 'Katzmann', 'Diable', 'Ely', '1970-12-28', 'ediable23@webmd.com', 'Faucibus.jpeg', '811', '2022-03-01', 34, 552);
insert into Entrenador (CURP, Domicilio, ApellidoPaterno, ApellidoMaterno, Nombre, FechaDeNacimiento, correo, Fotografia, NSS, FechaIngreso, HorasPorSemana, IdSala) values ('bUTL66MPtHig12', '3661 Namekagon Avenue', 'Tolotti', 'Sheen', 'Tracie', '1922-12-17', 'tsheen24@diigo.com', 'OrciNullamMolestie.xls', '211', '2021-03-10', 8, 147);
insert into Entrenador (CURP, Domicilio, ApellidoPaterno, ApellidoMaterno, Nombre, FechaDeNacimiento, correo, Fotografia, NSS, FechaIngreso, HorasPorSemana, IdSala) values ('IUTQ96MghLaJ52', '79 Arapahoe Plaza', 'Maycock', 'Kuschek', 'Kennith', '1918-04-10', 'kkuschek25@quantcast.com', 'Odio.pdf', '911', '2022-07-29', 12, 178);
insert into Entrenador (CURP, Domicilio, ApellidoPaterno, ApellidoMaterno, Nombre, FechaDeNacimiento, correo, Fotografia, NSS, FechaIngreso, HorasPorSemana, IdSala) values ('vIbo06MHKouN32', '57177 Havey Circle', 'Shepton', 'Shinfield', 'Izzy', '1954-11-07', 'ishinfield26@cisco.com', 'Sit.ppt', '411', '2022-08-21', 35, 34);
insert into Entrenador (CURP, Domicilio, ApellidoPaterno, ApellidoMaterno, Nombre, FechaDeNacimiento, correo, Fotografia, NSS, FechaIngreso, HorasPorSemana, IdSala) values ('sbBL26HLKVPB82', '91806 John Wall Hill', 'Seller', 'Mityukov', 'Devi', '1939-02-19', 'dmityukov27@deliciousdays.com', 'Ac.ppt', '311', '2022-07-25', 22, 58);
insert into Entrenador (CURP, Domicilio, ApellidoPaterno, ApellidoMaterno, Nombre, FechaDeNacimiento, correo, Fotografia, NSS, FechaIngreso, HorasPorSemana, IdSala) values ('uHcd86HuAOfV32', '4 Sunbrook Park', 'Buffey', 'Vannoort', 'Ainslie', '1913-04-03', 'avannoort28@delicious.com', 'IpsumPrimis.mp3', '011', '2021-04-18', 30, 262);
insert into Entrenador (CURP, Domicilio, ApellidoPaterno, ApellidoMaterno, Nombre, FechaDeNacimiento, correo, Fotografia, NSS, FechaIngreso, HorasPorSemana, IdSala) values ('gJqC66MxErZc72', '48332 Little Fleur Parkway', 'Santorini', 'Master', 'Nessi', '1905-03-26', 'nmaster29@examiner.com', 'OdioJusto.avi', '111', '2022-03-23', 16, 381);
insert into Entrenador (CURP, Domicilio, ApellidoPaterno, ApellidoMaterno, Nombre, FechaDeNacimiento, correo, Fotografia, NSS, FechaIngreso, HorasPorSemana, IdSala) values ('zmBe96MInbtL62', '7394 Fairview Circle', 'Westlake', 'Hatrey', 'Estrellita', '1955-01-25', 'ehatrey2a@theguardian.com', 'NullamOrci.tiff', '011', '2022-08-12', 24, 46);
insert into Entrenador (CURP, Domicilio, ApellidoPaterno, ApellidoMaterno, Nombre, FechaDeNacimiento, correo, Fotografia, NSS, FechaIngreso, HorasPorSemana, IdSala) values ('QgdD26HArMPD02', '44506 Reindahl Avenue', 'Littlejohn', 'Waskett', 'Carroll', '2018-03-25', 'cwaskett2b@ucsd.edu', 'VehiculaCondimentumCurabitur.txt', '511', '2021-01-30', 38, 361);
insert into Entrenador (CURP, Domicilio, ApellidoPaterno, ApellidoMaterno, Nombre, FechaDeNacimiento, correo, Fotografia, NSS, FechaIngreso, HorasPorSemana, IdSala) values ('lRPF16HoTIpO02', '302 Doe Crossing Court', 'Tilt', 'Neylan', 'Morgen', '2013-07-10', 'mneylan2c@chicagotribune.com', 'Scelerisque.png', '611', '2021-05-17', 38, 531);
insert into Entrenador (CURP, Domicilio, ApellidoPaterno, ApellidoMaterno, Nombre, FechaDeNacimiento, correo, Fotografia, NSS, FechaIngreso, HorasPorSemana, IdSala) values ('UJfI56HNoDSa62', '328 Fallview Road', 'Latchmore', 'Menghi', 'Moyna', '1976-10-21', 'mmenghi2d@imdb.com', 'PellentesqueVolutpat.avi', '811', '2021-03-30', 26, 160);
insert into Entrenador (CURP, Domicilio, ApellidoPaterno, ApellidoMaterno, Nombre, FechaDeNacimiento, correo, Fotografia, NSS, FechaIngreso, HorasPorSemana, IdSala) values ('dewE86MkiAPy92', '81 Shoshone Lane', 'Dawdary', 'Larkkem', 'Terri', '1958-08-27', 'tlarkkem2e@pbs.org', 'VitaeConsectetuerEget.xls', '011', '2022-10-29', 33, 144);
insert into Entrenador (CURP, Domicilio, ApellidoPaterno, ApellidoMaterno, Nombre, FechaDeNacimiento, correo, Fotografia, NSS, FechaIngreso, HorasPorSemana, IdSala) values ('BqVQ96MyNPBd22', '50 Tony Trail', 'Frearson', 'McIlveen', 'Tybalt', '1943-03-11', 'tmcilveen2f@engadget.com', 'Et.avi', '511', '2021-04-26', 34, 174);
insert into Entrenador (CURP, Domicilio, ApellidoPaterno, ApellidoMaterno, Nombre, FechaDeNacimiento, correo, Fotografia, NSS, FechaIngreso, HorasPorSemana, IdSala) values ('EXiU66HCcaxs02', '7619 North Crossing', 'Franz', 'Brandolini', 'Leelah', '2015-12-04', 'lbrandolini2g@netvibes.com', 'Nullam.mov', '111', '2021-03-24', 32, 259);
insert into Entrenador (CURP, Domicilio, ApellidoPaterno, ApellidoMaterno, Nombre, FechaDeNacimiento, correo, Fotografia, NSS, FechaIngreso, HorasPorSemana, IdSala) values ('sqTi26HOBAVT02', '7538 Fremont Pass', 'Wyd', 'Readings', 'Helsa', '1933-11-12', 'hreadings2h@imdb.com', 'AmetEleifendPede.mp3', '411', '2022-11-11', 10, 519);
insert into Entrenador (CURP, Domicilio, ApellidoPaterno, ApellidoMaterno, Nombre, FechaDeNacimiento, correo, Fotografia, NSS, FechaIngreso, HorasPorSemana, IdSala) values ('XBtx16MUKbRT82', '4 Kensington Center', 'Prin', 'Anthonies', 'Humphrey', '1973-11-24', 'hanthonies2i@themeforest.net', 'At.jpeg', '711', '2021-12-15', 23, 585);
insert into Entrenador (CURP, Domicilio, ApellidoPaterno, ApellidoMaterno, Nombre, FechaDeNacimiento, correo, Fotografia, NSS, FechaIngreso, HorasPorSemana, IdSala) values ('krLa76MnOGhZ42', '42 Oneill Pass', 'Seymark', 'Stollenwerck', 'Enrichetta', '1940-04-19', 'estollenwerck2j@reuters.com', 'Lectus.pdf', '111', '2021-01-11', 36, 100);
insert into Entrenador (CURP, Domicilio, ApellidoPaterno, ApellidoMaterno, Nombre, FechaDeNacimiento, correo, Fotografia, NSS, FechaIngreso, HorasPorSemana, IdSala) values ('XWdg96HQfbXz32', '1491 Shopko Circle', 'Stockoe', 'Plunkett', 'Clo', '1941-08-11', 'cplunkett2k@ox.ac.uk', 'MassaTemporConvallis.mov', '011', '2022-01-17', 40, 286);
insert into Entrenador (CURP, Domicilio, ApellidoPaterno, ApellidoMaterno, Nombre, FechaDeNacimiento, correo, Fotografia, NSS, FechaIngreso, HorasPorSemana, IdSala) values ('zUPp16MDPEVs32', '3862 Grim Way', 'Simmans', 'Lezemore', 'Stevy', '1956-09-07', 'slezemore2l@bloglines.com', 'DuisAt.mpeg', '411', '2022-06-14', 22, 202);
insert into Entrenador (CURP, Domicilio, ApellidoPaterno, ApellidoMaterno, Nombre, FechaDeNacimiento, correo, Fotografia, NSS, FechaIngreso, HorasPorSemana, IdSala) values ('Uagv16HonCtx22', '06302 Texas Road', 'Caile', 'Elderkin', 'Julianne', '1928-09-11', 'jelderkin2m@europa.eu', 'VivamusVel.jpeg', '811', '2022-06-14', 13, 571);
insert into Entrenador (CURP, Domicilio, ApellidoPaterno, ApellidoMaterno, Nombre, FechaDeNacimiento, correo, Fotografia, NSS, FechaIngreso, HorasPorSemana, IdSala) values ('YzGv26HDEQze72', '722 Sutteridge Lane', 'Athy', 'Bodocs', 'Janot', '1977-12-19', 'jbodocs2n@businessweek.com', 'Pretium.gif', '511', '2021-01-26', 25, 214);
insert into Entrenador (CURP, Domicilio, ApellidoPaterno, ApellidoMaterno, Nombre, FechaDeNacimiento, correo, Fotografia, NSS, FechaIngreso, HorasPorSemana, IdSala) values ('pvbG76HxPWAZ52', '66 Village Road', 'Mahoney', 'Adey', 'Willetta', '1983-10-01', 'wadey2o@about.com', 'VelEnim.jpeg', '611', '2022-12-04', 24, 395);
insert into Entrenador (CURP, Domicilio, ApellidoPaterno, ApellidoMaterno, Nombre, FechaDeNacimiento, correo, Fotografia, NSS, FechaIngreso, HorasPorSemana, IdSala) values ('vlaV46HzpuYV12', '2 Ronald Regan Pass', 'Dugall', 'Sketh', 'Janessa', '1913-09-18', 'jsketh2p@answers.com', 'In.avi', '811', '2021-02-13', 12, 128);
insert into Entrenador (CURP, Domicilio, ApellidoPaterno, ApellidoMaterno, Nombre, FechaDeNacimiento, correo, Fotografia, NSS, FechaIngreso, HorasPorSemana, IdSala) values ('BkLM46MipHOb82', '474 Schurz Street', 'Leas', 'Lawless', 'Petey', '1995-11-24', 'plawless2q@bloglovin.com', 'Eu.avi', '311', '2022-11-03', 20, 386);
insert into Entrenador (CURP, Domicilio, ApellidoPaterno, ApellidoMaterno, Nombre, FechaDeNacimiento, correo, Fotografia, NSS, FechaIngreso, HorasPorSemana, IdSala) values ('QXAb86MGUfTQ92', '325 Melrose Alley', 'Lief', 'Pengelley', 'Gallagher', '1962-09-13', 'gpengelley2r@paginegialle.it', 'Id.tiff', '711', '2022-03-20', 21, 380);
insert into Entrenador (CURP, Domicilio, ApellidoPaterno, ApellidoMaterno, Nombre, FechaDeNacimiento, correo, Fotografia, NSS, FechaIngreso, HorasPorSemana, IdSala) values ('cGFH46MaMNRy12', '999 Stang Drive', 'Baudinelli', 'Palay', 'Keane', '2009-09-24', 'kpalay2s@t-online.de', 'ConvallisDuisConsequat.mov', '911', '2022-08-12', 20, 462);
insert into Entrenador (CURP, Domicilio, ApellidoPaterno, ApellidoMaterno, Nombre, FechaDeNacimiento, correo, Fotografia, NSS, FechaIngreso, HorasPorSemana, IdSala) values ('GXul56MGUrmP32', '8 Elgar Terrace', 'McCarrick', 'Frodsham', 'Johannah', '1975-08-01', 'jfrodsham2t@comcast.net', 'Quis.jpeg', '411', '2021-01-22', 29, 368);
insert into Entrenador (CURP, Domicilio, ApellidoPaterno, ApellidoMaterno, Nombre, FechaDeNacimiento, correo, Fotografia, NSS, FechaIngreso, HorasPorSemana, IdSala) values ('hNiO26HIZzlv52', '7 Charing Cross Trail', 'Bilbery', 'Raecroft', 'Demetris', '1908-03-23', 'draecroft2u@deviantart.com', 'Molestie.jpeg', '411', '2021-11-12', 24, 182);
insert into Entrenador (CURP, Domicilio, ApellidoPaterno, ApellidoMaterno, Nombre, FechaDeNacimiento, correo, Fotografia, NSS, FechaIngreso, HorasPorSemana, IdSala) values ('liIm86MxOiDj42', '82448 Portage Pass', 'Ivanikhin', 'Baglin', 'Sollie', '1917-07-23', 'sbaglin2v@google.cn', 'LuctusCum.mp3', '111', '2021-01-07', 19, 389);
insert into Entrenador (CURP, Domicilio, ApellidoPaterno, ApellidoMaterno, Nombre, FechaDeNacimiento, correo, Fotografia, NSS, FechaIngreso, HorasPorSemana, IdSala) values ('fMGy46McPOsq92', '855 Forest Park', 'Nigh', 'Empson', 'Merrili', '1911-03-31', 'mempson2w@bbc.co.uk', 'Libero.mp3', '311', '2022-09-16', 13, 501);
insert into Entrenador (CURP, Domicilio, ApellidoPaterno, ApellidoMaterno, Nombre, FechaDeNacimiento, correo, Fotografia, NSS, FechaIngreso, HorasPorSemana, IdSala) values ('sfTl66HgIRln22', '4 Alpine Pass', 'Snoddin', 'Pirson', 'Hube', '2019-07-19', 'hpirson2x@howstuffworks.com', 'Consequat.ppt', '211', '2022-08-18', 29, 552);
insert into Entrenador (CURP, Domicilio, ApellidoPaterno, ApellidoMaterno, Nombre, FechaDeNacimiento, correo, Fotografia, NSS, FechaIngreso, HorasPorSemana, IdSala) values ('djZp56MbaqPB52', '4 Brickson Park Plaza', 'Greser', 'Blackmuir', 'Valentine', '1907-04-19', 'vblackmuir2y@timesonline.co.uk', 'Vel.xls', '511', '2021-11-18', 19, 388);
insert into Entrenador (CURP, Domicilio, ApellidoPaterno, ApellidoMaterno, Nombre, FechaDeNacimiento, correo, Fotografia, NSS, FechaIngreso, HorasPorSemana, IdSala) values ('iUQk66HnTimP42', '2903 3rd Road', 'Horribine', 'Euplate', 'Erv', '1982-01-24', 'eeuplate2z@aboutads.info', 'Vel.xls', '111', '2022-04-24', 8, 408);
insert into Entrenador (CURP, Domicilio, ApellidoPaterno, ApellidoMaterno, Nombre, FechaDeNacimiento, correo, Fotografia, NSS, FechaIngreso, HorasPorSemana, IdSala) values ('rmHS96HUjQKf22', '31642 3rd Park', 'Pighills', 'Tomkies', 'Ysabel', '1968-11-10', 'ytomkies30@chicagotribune.com', 'PrimisIn.png', '811', '2022-02-03', 25, 347);
insert into Entrenador (CURP, Domicilio, ApellidoPaterno, ApellidoMaterno, Nombre, FechaDeNacimiento, correo, Fotografia, NSS, FechaIngreso, HorasPorSemana, IdSala) values ('vFcS46MbhfwD72', '35 Lerdahl Trail', 'Brindley', 'Tooher', 'Alayne', '2011-01-17', 'atooher31@a8.net', 'Semper.xls', '011', '2021-03-31', 18, 46);
insert into Entrenador (CURP, Domicilio, ApellidoPaterno, ApellidoMaterno, Nombre, FechaDeNacimiento, correo, Fotografia, NSS, FechaIngreso, HorasPorSemana, IdSala) values ('Zagq16HcXAju52', '9 Autumn Leaf Court', 'Dericot', 'Brazener', 'Jon', '1960-07-05', 'jbrazener32@nydailynews.com', 'NuncCommodo.tiff', '611', '2021-06-11', 5, 443);
insert into Entrenador (CURP, Domicilio, ApellidoPaterno, ApellidoMaterno, Nombre, FechaDeNacimiento, correo, Fotografia, NSS, FechaIngreso, HorasPorSemana, IdSala) values ('YkZP36HLMmhl02', '8433 Schiller Alley', 'Barnish', 'Foat', 'Jaimie', '1987-01-16', 'jfoat33@samsung.com', 'DonecSemper.ppt', '411', '2021-11-23', 39, 540);
insert into Entrenador (CURP, Domicilio, ApellidoPaterno, ApellidoMaterno, Nombre, FechaDeNacimiento, correo, Fotografia, NSS, FechaIngreso, HorasPorSemana, IdSala) values ('Nnwb56MYvzgt62', '50912 Drewry Center', 'Kelcher', 'Durante', 'Donna', '1974-05-07', 'ddurante34@apple.com', 'VenenatisTristique.ppt', '611', '2022-04-18', 37, 501);
insert into Entrenador (CURP, Domicilio, ApellidoPaterno, ApellidoMaterno, Nombre, FechaDeNacimiento, correo, Fotografia, NSS, FechaIngreso, HorasPorSemana, IdSala) values ('OcBd26MLAXBe52', '46 Springs Avenue', 'Roseborough', 'Gaber', 'Jamill', '1945-02-16', 'jgaber35@so-net.ne.jp', 'CumSociisNatoque.mp3', '711', '2022-11-27', 27, 447);
insert into Entrenador (CURP, Domicilio, ApellidoPaterno, ApellidoMaterno, Nombre, FechaDeNacimiento, correo, Fotografia, NSS, FechaIngreso, HorasPorSemana, IdSala) values ('pknd76HSCUwc12', '32035 Manitowish Terrace', 'Berndtsson', 'Chatelain', 'Lil', '1992-02-04', 'lchatelain36@feedburner.com', 'VenenatisTurpis.txt', '011', '2022-12-02', 28, 485);
insert into Entrenador (CURP, Domicilio, ApellidoPaterno, ApellidoMaterno, Nombre, FechaDeNacimiento, correo, Fotografia, NSS, FechaIngreso, HorasPorSemana, IdSala) values ('jYlZ66MLzTFW52', '7 Ludington Pass', 'Bygreaves', 'Casaro', 'Louella', '1951-01-03', 'lcasaro37@hp.com', 'SuspendissePotenti.ppt', '811', '2021-06-05', 11, 576);
insert into Entrenador (CURP, Domicilio, ApellidoPaterno, ApellidoMaterno, Nombre, FechaDeNacimiento, correo, Fotografia, NSS, FechaIngreso, HorasPorSemana, IdSala) values ('iIPJ16HQDOto22', '0 Scott Trail', 'Worrall', 'Pottinger', 'Harcourt', '1962-10-04', 'hpottinger38@naver.com', 'Sit.txt', '711', '2021-08-28', 17, 401);
insert into Entrenador (CURP, Domicilio, ApellidoPaterno, ApellidoMaterno, Nombre, FechaDeNacimiento, correo, Fotografia, NSS, FechaIngreso, HorasPorSemana, IdSala) values ('bPiE86MKTQkw22', '062 Mayer Avenue', 'Hurnell', 'Whyman', 'Cassius', '1952-11-21', 'cwhyman39@4shared.com', 'SitAmetSapien.avi', '911', '2022-08-05', 15, 361);
insert into Entrenador (CURP, Domicilio, ApellidoPaterno, ApellidoMaterno, Nombre, FechaDeNacimiento, correo, Fotografia, NSS, FechaIngreso, HorasPorSemana, IdSala) values ('NkUm26HzMfOt32', '4142 Moose Avenue', 'Colebourne', 'Rihanek', 'Carlie', '1909-01-06', 'crihanek3a@nih.gov', 'MaecenasTristique.avi', '711', '2022-09-10', 22, 169);
insert into Entrenador (CURP, Domicilio, ApellidoPaterno, ApellidoMaterno, Nombre, FechaDeNacimiento, correo, Fotografia, NSS, FechaIngreso, HorasPorSemana, IdSala) values ('QAbU56HvPtLO22', '02421 Transport Crossing', 'Balaison', 'Doulden', 'Cly', '1906-08-17', 'cdoulden3b@nydailynews.com', 'EleifendQuam.ppt', '211', '2021-05-06', 18, 35);
insert into Entrenador (CURP, Domicilio, ApellidoPaterno, ApellidoMaterno, Nombre, FechaDeNacimiento, correo, Fotografia, NSS, FechaIngreso, HorasPorSemana, IdSala) values ('VDsW96HwKyil82', '4597 Boyd Street', 'Spaducci', 'Belfrage', 'Louise', '1994-07-14', 'lbelfrage3c@example.com', 'TellusInSagittis.xls', '011', '2022-06-21', 17, 89);
insert into Entrenador (CURP, Domicilio, ApellidoPaterno, ApellidoMaterno, Nombre, FechaDeNacimiento, correo, Fotografia, NSS, FechaIngreso, HorasPorSemana, IdSala) values ('qtPn56HeLnHh12', '206 Lawn Drive', 'Mattisssen', 'Kellard', 'Eve', '1966-06-18', 'ekellard3d@dmoz.org', 'Nisl.xls', '111', '2021-01-20', 26, 531);
insert into Entrenador (CURP, Domicilio, ApellidoPaterno, ApellidoMaterno, Nombre, FechaDeNacimiento, correo, Fotografia, NSS, FechaIngreso, HorasPorSemana, IdSala) values ('ncRF86MpgBmx72', '47 Green Ridge Way', 'Tams', 'Arguile', 'Marcellus', '2000-05-05', 'marguile3e@examiner.com', 'In.xls', '311', '2022-06-01', 32, 152);
insert into Entrenador (CURP, Domicilio, ApellidoPaterno, ApellidoMaterno, Nombre, FechaDeNacimiento, correo, Fotografia, NSS, FechaIngreso, HorasPorSemana, IdSala) values ('aGcx76HLoOTa62', '95396 Holmberg Trail', 'Mingauld', 'Filipczynski', 'Oby', '1959-04-11', 'ofilipczynski3f@deliciousdays.com', 'Tortor.tiff', '011', '2022-07-05', 40, 417);
insert into Entrenador (CURP, Domicilio, ApellidoPaterno, ApellidoMaterno, Nombre, FechaDeNacimiento, correo, Fotografia, NSS, FechaIngreso, HorasPorSemana, IdSala) values ('JZep56MspPHG12', '4764 Susan Park', 'Winkett', 'Branston', 'Orson', '1912-01-30', 'obranston3g@google.cn', 'MorbiNon.gif', '211', '2021-03-23', 31, 392);
insert into Entrenador (CURP, Domicilio, ApellidoPaterno, ApellidoMaterno, Nombre, FechaDeNacimiento, correo, Fotografia, NSS, FechaIngreso, HorasPorSemana, IdSala) values ('HqwI16HkrzPF02', '30787 Pearson Plaza', 'Sellack', 'Girk', 'Rayshell', '1942-03-01', 'rgirk3h@ameblo.jp', 'In.ppt', '511', '2021-10-30', 14, 532);
insert into Entrenador (CURP, Domicilio, ApellidoPaterno, ApellidoMaterno, Nombre, FechaDeNacimiento, correo, Fotografia, NSS, FechaIngreso, HorasPorSemana, IdSala) values ('bAIP96Mcvygr02', '50 Crest Line Hill', 'Ferre', 'Kleehuhler', 'Frederico', '1913-05-07', 'fkleehuhler3i@mayoclinic.com', 'Massa.avi', '811', '2021-04-27', 23, 295);
insert into Entrenador (CURP, Domicilio, ApellidoPaterno, ApellidoMaterno, Nombre, FechaDeNacimiento, correo, Fotografia, NSS, FechaIngreso, HorasPorSemana, IdSala) values ('bvnX46HgdzOf12', '6 Arkansas Park', 'Simanek', 'Kimbury', 'Caldwell', '1963-06-09', 'ckimbury3j@dmoz.org', 'BlanditUltricesEnim.mp3', '211', '2021-08-31', 22, 341);
insert into Entrenador (CURP, Domicilio, ApellidoPaterno, ApellidoMaterno, Nombre, FechaDeNacimiento, correo, Fotografia, NSS, FechaIngreso, HorasPorSemana, IdSala) values ('zUFm16HNOTug42', '085 Thierer Parkway', 'Weiss', 'Andresser', 'Bren', '1965-04-20', 'bandresser3k@artisteer.com', 'LobortisEst.xls', '211', '2022-03-10', 9, 78);
insert into Entrenador (CURP, Domicilio, ApellidoPaterno, ApellidoMaterno, Nombre, FechaDeNacimiento, correo, Fotografia, NSS, FechaIngreso, HorasPorSemana, IdSala) values ('OJXf76MuyqHG92', '89 Kipling Crossing', 'Emmott', 'Millgate', 'Helyn', '1922-11-12', 'hmillgate3l@symantec.com', 'MaurisLaoreetUt.ppt', '811', '2022-10-23', 27, 494);
insert into Entrenador (CURP, Domicilio, ApellidoPaterno, ApellidoMaterno, Nombre, FechaDeNacimiento, correo, Fotografia, NSS, FechaIngreso, HorasPorSemana, IdSala) values ('UvLI36HzOQSy42', '7 Corscot Pass', 'Fenix', 'Schapero', 'Livy', '1921-01-13', 'lschapero3m@ted.com', 'Nec.avi', '511', '2022-10-11', 22, 555);
insert into Entrenador (CURP, Domicilio, ApellidoPaterno, ApellidoMaterno, Nombre, FechaDeNacimiento, correo, Fotografia, NSS, FechaIngreso, HorasPorSemana, IdSala) values ('UBct96HTVqbf12', '6236 Glacier Hill Parkway', 'Neesam', 'Grisewood', 'Zacherie', '1904-11-05', 'zgrisewood3n@state.gov', 'Congue.mp3', '411', '2022-04-21', 26, 340);
insert into Entrenador (CURP, Domicilio, ApellidoPaterno, ApellidoMaterno, Nombre, FechaDeNacimiento, correo, Fotografia, NSS, FechaIngreso, HorasPorSemana, IdSala) values ('OPGV56McbjIr82', '89528 Brown Junction', 'Kenryd', 'Caiger', 'Larina', '1930-04-28', 'lcaiger3o@netscape.com', 'Pretium.mpeg', '411', '2021-07-07', 25, 524);
insert into Entrenador (CURP, Domicilio, ApellidoPaterno, ApellidoMaterno, Nombre, FechaDeNacimiento, correo, Fotografia, NSS, FechaIngreso, HorasPorSemana, IdSala) values ('TqaQ06HDTjfN02', '8 Pawling Crossing', 'Perl', 'Bockman', 'Kory', '2002-06-02', 'kbockman3p@infoseek.co.jp', 'AccumsanFelisUt.xls', '911', '2021-11-25', 13, 58);
insert into Entrenador (CURP, Domicilio, ApellidoPaterno, ApellidoMaterno, Nombre, FechaDeNacimiento, correo, Fotografia, NSS, FechaIngreso, HorasPorSemana, IdSala) values ('MJse66HXySca52', '9384 Gateway Lane', 'Frankom', 'Nelle', 'Daryle', '1908-12-09', 'dnelle3q@amazon.com', 'Id.avi', '611', '2021-07-17', 38, 159);
insert into Entrenador (CURP, Domicilio, ApellidoPaterno, ApellidoMaterno, Nombre, FechaDeNacimiento, correo, Fotografia, NSS, FechaIngreso, HorasPorSemana, IdSala) values ('WUdh46HZWodp32', '537 Jackson Plaza', 'Simonetti', 'Vanichkov', 'Cassi', '1981-02-25', 'cvanichkov3r@digg.com', 'SedJusto.pdf', '911', '2022-02-25', 12, 172);
insert into Entrenador (CURP, Domicilio, ApellidoPaterno, ApellidoMaterno, Nombre, FechaDeNacimiento, correo, Fotografia, NSS, FechaIngreso, HorasPorSemana, IdSala) values ('mDEb76HXNVpE22', '0775 Warner Point', 'Gann', 'Madgwich', 'Marlowe', '1949-08-21', 'mmadgwich3s@istockphoto.com', 'Ipsum.png', '611', '2021-08-17', 16, 446);
insert into Entrenador (CURP, Domicilio, ApellidoPaterno, ApellidoMaterno, Nombre, FechaDeNacimiento, correo, Fotografia, NSS, FechaIngreso, HorasPorSemana, IdSala) values ('zcIN26MzqrBk12', '47 Harper Alley', 'Mathiassen', 'Trewman', 'Birk', '1977-10-10', 'btrewman3t@wikia.com', 'Volutpat.pdf', '911', '2022-09-10', 17, 126);
insert into Entrenador (CURP, Domicilio, ApellidoPaterno, ApellidoMaterno, Nombre, FechaDeNacimiento, correo, Fotografia, NSS, FechaIngreso, HorasPorSemana, IdSala) values ('DXuw66MqkKdy42', '3 Quincy Way', 'Cuerdall', 'Mahoney', 'Saul', '1986-09-07', 'smahoney3u@sina.com.cn', 'Nec.mov', '011', '2022-06-06', 10, 193);
insert into Entrenador (CURP, Domicilio, ApellidoPaterno, ApellidoMaterno, Nombre, FechaDeNacimiento, correo, Fotografia, NSS, FechaIngreso, HorasPorSemana, IdSala) values ('RHxe46HkQEZw02', '6415 Pankratz Street', 'Baylie', 'McKechnie', 'Fanechka', '1905-03-16', 'fmckechnie3v@hexun.com', 'Consequat.avi', '011', '2021-04-30', 40, 150);
insert into Entrenador (CURP, Domicilio, ApellidoPaterno, ApellidoMaterno, Nombre, FechaDeNacimiento, correo, Fotografia, NSS, FechaIngreso, HorasPorSemana, IdSala) values ('dWrQ96HYMWIU22', '9435 Ridgeview Lane', 'Libermore', 'Retallack', 'Christy', '1923-12-26', 'cretallack3w@naver.com', 'EtMagnis.jpeg', '911', '2022-07-23', 38, 560);
insert into Entrenador (CURP, Domicilio, ApellidoPaterno, ApellidoMaterno, Nombre, FechaDeNacimiento, correo, Fotografia, NSS, FechaIngreso, HorasPorSemana, IdSala) values ('nTvh56MajPyh02', '9 Little Fleur Court', 'Feldbau', 'Tomkins', 'Wyn', '1965-10-10', 'wtomkins3x@cnbc.com', 'PorttitorIdConsequat.ppt', '311', '2022-04-22', 36, 535);
insert into Entrenador (CURP, Domicilio, ApellidoPaterno, ApellidoMaterno, Nombre, FechaDeNacimiento, correo, Fotografia, NSS, FechaIngreso, HorasPorSemana, IdSala) values ('YJoN16HCWtLl32', '1511 Corben Parkway', 'Papes', 'Moulder', 'Niccolo', '2012-09-10', 'nmoulder3y@acquirethisname.com', 'AugueVestibulumAnte.xls', '811', '2022-04-09', 21, 563);
insert into Entrenador (CURP, Domicilio, ApellidoPaterno, ApellidoMaterno, Nombre, FechaDeNacimiento, correo, Fotografia, NSS, FechaIngreso, HorasPorSemana, IdSala) values ('kEFj56MNuXxR02', '045 Burning Wood Park', 'Sodeau', 'Havers', 'Jonis', '1947-07-22', 'jhavers3z@clickbank.net', 'QuisLibero.txt', '011', '2020-12-26', 12, 430);
insert into Entrenador (CURP, Domicilio, ApellidoPaterno, ApellidoMaterno, Nombre, FechaDeNacimiento, correo, Fotografia, NSS, FechaIngreso, HorasPorSemana, IdSala) values ('NYGS76HYXMit22', '087 Graedel Center', 'Springford', 'Cornall', 'Christel', '1953-09-18', 'ccornall40@hibu.com', 'Gravida.avi', '311', '2022-06-26', 29, 528);
insert into Entrenador (CURP, Domicilio, ApellidoPaterno, ApellidoMaterno, Nombre, FechaDeNacimiento, correo, Fotografia, NSS, FechaIngreso, HorasPorSemana, IdSala) values ('urpi46MxhjGc22', '0 Tony Lane', 'Guyot', 'Rarity', 'Zachariah', '1967-10-23', 'zrarity41@guardian.co.uk', 'Duis.mp3', '011', '2021-12-18', 33, 410);
insert into Entrenador (CURP, Domicilio, ApellidoPaterno, ApellidoMaterno, Nombre, FechaDeNacimiento, correo, Fotografia, NSS, FechaIngreso, HorasPorSemana, IdSala) values ('WXOJ56MTCdEt82', '0 Homewood Trail', 'Coyish', 'Tinsey', 'Cristabel', '1924-03-09', 'ctinsey42@istockphoto.com', 'PorttitorId.avi', '611', '2021-01-08', 19, 97);
insert into Entrenador (CURP, Domicilio, ApellidoPaterno, ApellidoMaterno, Nombre, FechaDeNacimiento, correo, Fotografia, NSS, FechaIngreso, HorasPorSemana, IdSala) values ('KFRh66MtwKog12', '39598 Westport Lane', 'Magauran', 'MacKeller', 'Noel', '1974-02-15', 'nmackeller43@comsenz.com', 'BibendumFelis.xls', '911', '2022-07-09', 33, 209);
insert into Entrenador (CURP, Domicilio, ApellidoPaterno, ApellidoMaterno, Nombre, FechaDeNacimiento, correo, Fotografia, NSS, FechaIngreso, HorasPorSemana, IdSala) values ('shCi06MKXIys82', '54 Truax Street', 'Lamperd', 'Deschelle', 'Madelyn', '1931-07-01', 'mdeschelle44@rakuten.co.jp', 'AnteNulla.xls', '111', '2021-06-14', 14, 195);
insert into Entrenador (CURP, Domicilio, ApellidoPaterno, ApellidoMaterno, Nombre, FechaDeNacimiento, correo, Fotografia, NSS, FechaIngreso, HorasPorSemana, IdSala) values ('wLHa56MyPDZT42', '7190 Swallow Parkway', 'Haymes', 'Capeling', 'Farlie', '1982-02-21', 'fcapeling45@dagondesign.com', 'EgetElit.tiff', '211', '2022-08-15', 33, 279);
insert into Entrenador (CURP, Domicilio, ApellidoPaterno, ApellidoMaterno, Nombre, FechaDeNacimiento, correo, Fotografia, NSS, FechaIngreso, HorasPorSemana, IdSala) values ('iKzS56MtKCrB22', '31568 Dawn Road', 'Lawrenson', 'Kleisel', 'Isidora', '2013-09-13', 'ikleisel46@taobao.com', 'Porttitor.mp3', '411', '2021-07-18', 18, 313);
insert into Entrenador (CURP, Domicilio, ApellidoPaterno, ApellidoMaterno, Nombre, FechaDeNacimiento, correo, Fotografia, NSS, FechaIngreso, HorasPorSemana, IdSala) values ('EKoe16HqLNub12', '58 Pearson Parkway', 'O''Kinedy', 'Koubek', 'Katleen', '1965-07-22', 'kkoubek47@theguardian.com', 'Accumsan.xls', '011', '2022-10-02', 13, 136);
insert into Entrenador (CURP, Domicilio, ApellidoPaterno, ApellidoMaterno, Nombre, FechaDeNacimiento, correo, Fotografia, NSS, FechaIngreso, HorasPorSemana, IdSala) values ('wLxz96MwVBAO12', '6757 Alpine Junction', 'Lowbridge', 'Cristofano', 'Maisey', '1959-05-20', 'mcristofano48@weibo.com', 'IaculisJustoIn.ppt', '111', '2022-08-23', 19, 298);
insert into Entrenador (CURP, Domicilio, ApellidoPaterno, ApellidoMaterno, Nombre, FechaDeNacimiento, correo, Fotografia, NSS, FechaIngreso, HorasPorSemana, IdSala) values ('HuxS66HbXVUk52', '01 Southridge Terrace', 'Marians', 'Anstis', 'Darleen', '1980-04-22', 'danstis49@tmall.com', 'Rutrum.pdf', '911', '2022-07-06', 16, 212);
insert into Entrenador (CURP, Domicilio, ApellidoPaterno, ApellidoMaterno, Nombre, FechaDeNacimiento, correo, Fotografia, NSS, FechaIngreso, HorasPorSemana, IdSala) values ('Qzka26MbFvIA82', '5 Pawling Circle', 'Gerleit', 'Yarrington', 'Megan', '1945-12-03', 'myarrington4a@rambler.ru', 'In.jpeg', '011', '2021-10-12', 32, 305);
insert into Entrenador (CURP, Domicilio, ApellidoPaterno, ApellidoMaterno, Nombre, FechaDeNacimiento, correo, Fotografia, NSS, FechaIngreso, HorasPorSemana, IdSala) values ('VcBZ96HrCvuQ72', '111 Pennsylvania Street', 'Josh', 'Korneichuk', 'Nicholas', '1977-06-21', 'nkorneichuk4b@princeton.edu', 'AdipiscingMolestie.png', '911', '2022-08-25', 34, 310);
insert into Entrenador (CURP, Domicilio, ApellidoPaterno, ApellidoMaterno, Nombre, FechaDeNacimiento, correo, Fotografia, NSS, FechaIngreso, HorasPorSemana, IdSala) values ('DbKa66MMxmTR22', '440 Commercial Junction', 'Gilbeart', 'Comerford', 'Izzy', '1954-10-15', 'icomerford4c@smugmug.com', 'In.xls', '211', '2022-03-05', 30, 352);
insert into Entrenador (CURP, Domicilio, ApellidoPaterno, ApellidoMaterno, Nombre, FechaDeNacimiento, correo, Fotografia, NSS, FechaIngreso, HorasPorSemana, IdSala) values ('gwtD46HwKzID02', '1 Esker Alley', 'Leversuch', 'Gregoraci', 'Gardner', '1948-10-01', 'ggregoraci4d@mapy.cz', 'BibendumFelis.pdf', '711', '2022-02-17', 38, 291);
insert into Entrenador (CURP, Domicilio, ApellidoPaterno, ApellidoMaterno, Nombre, FechaDeNacimiento, correo, Fotografia, NSS, FechaIngreso, HorasPorSemana, IdSala) values ('iZyJ76MNQMwB52', '90 David Crossing', 'Borrill', 'Yaus', 'Perla', '1963-09-19', 'pyaus4e@bbb.org', 'VestibulumSitAmet.mp3', '611', '2021-05-04', 12, 100);
insert into Entrenador (CURP, Domicilio, ApellidoPaterno, ApellidoMaterno, Nombre, FechaDeNacimiento, correo, Fotografia, NSS, FechaIngreso, HorasPorSemana, IdSala) values ('fPkm46MSWbnV32', '673 Mayfield Circle', 'Crim', 'Mallabund', 'Caryl', '1931-05-17', 'cmallabund4f@elegantthemes.com', 'Sed.mp3', '911', '2021-07-22', 31, 72);
insert into Entrenador (CURP, Domicilio, ApellidoPaterno, ApellidoMaterno, Nombre, FechaDeNacimiento, correo, Fotografia, NSS, FechaIngreso, HorasPorSemana, IdSala) values ('hQPG06HPcKIV52', '6 Westerfield Way', 'Bozworth', 'Parcells', 'Hilda', '1979-01-02', 'hparcells4g@free.fr', 'Et.avi', '811', '2021-08-02', 13, 448);
insert into Entrenador (CURP, Domicilio, ApellidoPaterno, ApellidoMaterno, Nombre, FechaDeNacimiento, correo, Fotografia, NSS, FechaIngreso, HorasPorSemana, IdSala) values ('XvsC86MIiaTe82', '9040 Bartelt Alley', 'Fancott', 'Aberhart', 'Perceval', '1908-10-16', 'paberhart4h@cyberchimps.com', 'EstDonecOdio.mp3', '011', '2022-07-17', 9, 451);
insert into Entrenador (CURP, Domicilio, ApellidoPaterno, ApellidoMaterno, Nombre, FechaDeNacimiento, correo, Fotografia, NSS, FechaIngreso, HorasPorSemana, IdSala) values ('tQrF46HKzUEj02', '25289 Onsgard Terrace', 'Flewett', 'Comusso', 'Sallie', '1928-03-19', 'scomusso4i@apache.org', 'EgetElitSodales.jpeg', '011', '2020-12-29', 24, 98);
insert into Entrenador (CURP, Domicilio, ApellidoPaterno, ApellidoMaterno, Nombre, FechaDeNacimiento, correo, Fotografia, NSS, FechaIngreso, HorasPorSemana, IdSala) values ('LrGE06HvIHum62', '2850 Lien Plaza', 'Dakhov', 'Ducaen', 'Hale', '1928-03-11', 'hducaen4j@pbs.org', 'EgetElitSodales.tiff', '911', '2021-06-02', 23, 104);
insert into Entrenador (CURP, Domicilio, ApellidoPaterno, ApellidoMaterno, Nombre, FechaDeNacimiento, correo, Fotografia, NSS, FechaIngreso, HorasPorSemana, IdSala) values ('uBnF66MAUVGo72', '2630 Hayes Parkway', 'Sotham', 'Parris', 'Livy', '1998-02-20', 'lparris4k@mit.edu', 'At.mov', '211', '2022-07-19', 20, 94);
insert into Entrenador (CURP, Domicilio, ApellidoPaterno, ApellidoMaterno, Nombre, FechaDeNacimiento, correo, Fotografia, NSS, FechaIngreso, HorasPorSemana, IdSala) values ('RDsV86MnuvhA42', '6020 Old Gate Way', 'Neem', 'Ings', 'Nappy', '1987-08-26', 'nings4l@vinaora.com', 'IaculisCongueVivamus.avi', '911', '2022-10-30', 11, 253);
insert into Entrenador (CURP, Domicilio, ApellidoPaterno, ApellidoMaterno, Nombre, FechaDeNacimiento, correo, Fotografia, NSS, FechaIngreso, HorasPorSemana, IdSala) values ('ItEr36MIXLzY72', '6930 Holy Cross Street', 'Collymore', 'Andreopolos', 'Emelen', '1952-06-14', 'eandreopolos4m@ucla.edu', 'EtiamPretium.gif', '311', '2021-10-24', 19, 190);
insert into Entrenador (CURP, Domicilio, ApellidoPaterno, ApellidoMaterno, Nombre, FechaDeNacimiento, correo, Fotografia, NSS, FechaIngreso, HorasPorSemana, IdSala) values ('yGsL86HYfSQa62', '33538 Crowley Terrace', 'Keddle', 'Aldhous', 'Lisa', '1959-05-01', 'laldhous4n@columbia.edu', 'Faucibus.ppt', '511', '2022-09-15', 20, 102);
insert into Entrenador (CURP, Domicilio, ApellidoPaterno, ApellidoMaterno, Nombre, FechaDeNacimiento, correo, Fotografia, NSS, FechaIngreso, HorasPorSemana, IdSala) values ('RiDc86HVgXBK72', '928 Gale Road', 'Gayden', 'Devine', 'Luci', '1977-03-10', 'ldevine4o@lycos.com', 'VelPede.xls', '411', '2021-03-06', 6, 200);
insert into Entrenador (CURP, Domicilio, ApellidoPaterno, ApellidoMaterno, Nombre, FechaDeNacimiento, correo, Fotografia, NSS, FechaIngreso, HorasPorSemana, IdSala) values ('IXPu36MEzbuM22', '9106 Lighthouse Bay Trail', 'Oxenford', 'MacGettigen', 'Viviene', '1943-09-17', 'vmacgettigen4p@harvard.edu', 'EuPede.jpeg', '911', '2021-01-02', 34, 245);
insert into Entrenador (CURP, Domicilio, ApellidoPaterno, ApellidoMaterno, Nombre, FechaDeNacimiento, correo, Fotografia, NSS, FechaIngreso, HorasPorSemana, IdSala) values ('dWLK16MlPfyQ32', '744 Coolidge Parkway', 'Sowter', 'Wilshaw', 'Livy', '1907-12-16', 'lwilshaw4q@mashable.com', 'AtDiamNam.avi', '811', '2021-04-09', 18, 53);
insert into Entrenador (CURP, Domicilio, ApellidoPaterno, ApellidoMaterno, Nombre, FechaDeNacimiento, correo, Fotografia, NSS, FechaIngreso, HorasPorSemana, IdSala) values ('Bheb96MleKYn62', '24703 Pepper Wood Alley', 'Hembery', 'Blankau', 'Bradan', '1992-05-23', 'bblankau4r@slate.com', 'Non.avi', '011', '2022-09-21', 27, 538);
insert into Entrenador (CURP, Domicilio, ApellidoPaterno, ApellidoMaterno, Nombre, FechaDeNacimiento, correo, Fotografia, NSS, FechaIngreso, HorasPorSemana, IdSala) values ('RkOc46HnSHiu32', '6747 High Crossing Avenue', 'Clerke', 'Cleeves', 'Estella', '1945-01-07', 'ecleeves4s@cbc.ca', 'LoremIdLigula.ppt', '111', '2021-10-14', 8, 297);
insert into Entrenador (CURP, Domicilio, ApellidoPaterno, ApellidoMaterno, Nombre, FechaDeNacimiento, correo, Fotografia, NSS, FechaIngreso, HorasPorSemana, IdSala) values ('qXFi46MMglFm52', '8 Luster Road', 'Cheine', 'Dare', 'Cullen', '1986-12-24', 'cdare4t@unc.edu', 'Elementum.avi', '211', '2021-07-25', 6, 572);
insert into Entrenador (CURP, Domicilio, ApellidoPaterno, ApellidoMaterno, Nombre, FechaDeNacimiento, correo, Fotografia, NSS, FechaIngreso, HorasPorSemana, IdSala) values ('WRAJ16HJroYL52', '89815 Autumn Leaf Alley', 'Keattch', 'Dearnly', 'Rori', '1958-08-03', 'rdearnly4u@goodreads.com', 'IpsumInteger.xls', '611', '2022-04-02', 26, 345);
insert into Entrenador (CURP, Domicilio, ApellidoPaterno, ApellidoMaterno, Nombre, FechaDeNacimiento, correo, Fotografia, NSS, FechaIngreso, HorasPorSemana, IdSala) values ('CUWj56HZtUlg92', '604 Sachtjen Place', 'Estabrook', 'Bissatt', 'Allie', '2018-06-25', 'abissatt4v@fotki.com', 'FuscePosuere.xls', '711', '2021-12-28', 37, 508);
insert into Entrenador (CURP, Domicilio, ApellidoPaterno, ApellidoMaterno, Nombre, FechaDeNacimiento, correo, Fotografia, NSS, FechaIngreso, HorasPorSemana, IdSala) values ('LQbs46MXsBhp72', '8 Coolidge Pass', 'Phripp', 'Jackling', 'Rhodie', '1965-09-21', 'rjackling4w@cbc.ca', 'EuSapienCursus.tiff', '911', '2022-06-16', 26, 239);
insert into Entrenador (CURP, Domicilio, ApellidoPaterno, ApellidoMaterno, Nombre, FechaDeNacimiento, correo, Fotografia, NSS, FechaIngreso, HorasPorSemana, IdSala) values ('Kazm36HOFSbs82', '231 Kennedy Alley', 'Codd', 'Haberfield', 'Mel', '1996-08-02', 'mhaberfield4x@disqus.com', 'NequeLibero.avi', '611', '2022-09-17', 7, 8);
insert into Entrenador (CURP, Domicilio, ApellidoPaterno, ApellidoMaterno, Nombre, FechaDeNacimiento, correo, Fotografia, NSS, FechaIngreso, HorasPorSemana, IdSala) values ('TaYV86MFtzCh32', '413 Union Crossing', 'Hopkins', 'Gronw', 'Zacharia', '1933-03-31', 'zgronw4y@trellian.com', 'In.tiff', '111', '2021-09-05', 33, 175);
insert into Entrenador (CURP, Domicilio, ApellidoPaterno, ApellidoMaterno, Nombre, FechaDeNacimiento, correo, Fotografia, NSS, FechaIngreso, HorasPorSemana, IdSala) values ('NZBQ46HCJQMk52', '3041 Northwestern Pass', 'Mapholm', 'Ainscow', 'Talya', '1947-12-12', 'tainscow4z@disqus.com', 'InterdumMauris.mp3', '511', '2022-05-08', 17, 429);
insert into Entrenador (CURP, Domicilio, ApellidoPaterno, ApellidoMaterno, Nombre, FechaDeNacimiento, correo, Fotografia, NSS, FechaIngreso, HorasPorSemana, IdSala) values ('hRuY36MTKBwJ32', '140 Hallows Drive', 'Oake', 'Learie', 'Hans', '1989-07-26', 'hlearie50@epa.gov', 'TellusNullaUt.mp3', '311', '2021-03-08', 14, 103);
insert into Entrenador (CURP, Domicilio, ApellidoPaterno, ApellidoMaterno, Nombre, FechaDeNacimiento, correo, Fotografia, NSS, FechaIngreso, HorasPorSemana, IdSala) values ('oqGC26HBqQxX72', '79 Killdeer Trail', 'McColley', 'Keyzor', 'Josepha', '1989-06-13', 'jkeyzor51@paginegialle.it', 'RutrumAc.mp3', '211', '2022-01-28', 8, 378);
insert into Entrenador (CURP, Domicilio, ApellidoPaterno, ApellidoMaterno, Nombre, FechaDeNacimiento, correo, Fotografia, NSS, FechaIngreso, HorasPorSemana, IdSala) values ('lnOF96HbqQpN92', '634 Roth Way', 'Kasper', 'Reace', 'Viviene', '1984-09-26', 'vreace52@posterous.com', 'TempusVivamus.avi', '411', '2022-08-23', 26, 319);
insert into Entrenador (CURP, Domicilio, ApellidoPaterno, ApellidoMaterno, Nombre, FechaDeNacimiento, correo, Fotografia, NSS, FechaIngreso, HorasPorSemana, IdSala) values ('ZEUa06HRHPMv92', '356 Golf Course Way', 'Defau', 'Speir', 'Aida', '1956-09-07', 'aspeir53@fastcompany.com', 'LiberoUt.mp3', '011', '2022-03-21', 6, 26);
insert into Entrenador (CURP, Domicilio, ApellidoPaterno, ApellidoMaterno, Nombre, FechaDeNacimiento, correo, Fotografia, NSS, FechaIngreso, HorasPorSemana, IdSala) values ('fUFQ16MhKXof52', '680 Mandrake Lane', 'Divisek', 'Fullagar', 'Bennie', '2010-08-26', 'bfullagar54@home.pl', 'Nisi.avi', '111', '2022-08-20', 36, 344);
insert into Entrenador (CURP, Domicilio, ApellidoPaterno, ApellidoMaterno, Nombre, FechaDeNacimiento, correo, Fotografia, NSS, FechaIngreso, HorasPorSemana, IdSala) values ('PDUo16MXjGMl02', '016 Huxley Junction', 'Beecker', 'Denacamp', 'Luce', '1932-05-06', 'ldenacamp55@woothemes.com', 'ElitProinInterdum.mov', '411', '2022-07-29', 13, 485);
insert into Entrenador (CURP, Domicilio, ApellidoPaterno, ApellidoMaterno, Nombre, FechaDeNacimiento, correo, Fotografia, NSS, FechaIngreso, HorasPorSemana, IdSala) values ('gQku46HfNpDi92', '93 Rowland Place', 'Barbara', 'Probat', 'Ave', '1977-02-16', 'aprobat56@blogs.com', 'Odio.xls', '311', '2021-06-07', 21, 144);
insert into Entrenador (CURP, Domicilio, ApellidoPaterno, ApellidoMaterno, Nombre, FechaDeNacimiento, correo, Fotografia, NSS, FechaIngreso, HorasPorSemana, IdSala) values ('cXPw06MmAIUu12', '07 Everett Terrace', 'Langford', 'Renfree', 'Fernando', '1994-04-13', 'frenfree57@unesco.org', 'MolestieLorem.jpeg', '411', '2021-04-03', 38, 214);
insert into Entrenador (CURP, Domicilio, ApellidoPaterno, ApellidoMaterno, Nombre, FechaDeNacimiento, correo, Fotografia, NSS, FechaIngreso, HorasPorSemana, IdSala) values ('xuWw86HWOyQD12', '46 8th Circle', 'Fishbourn', 'Putman', 'Karola', '2007-07-10', 'kputman58@qq.com', 'CursusVestibulumProin.doc', '411', '2022-01-04', 18, 484);
insert into Entrenador (CURP, Domicilio, ApellidoPaterno, ApellidoMaterno, Nombre, FechaDeNacimiento, correo, Fotografia, NSS, FechaIngreso, HorasPorSemana, IdSala) values ('VbCu36HSJdcV92', '29 Vera Pass', 'Drever', 'Szach', 'Ransell', '1973-12-24', 'rszach59@blogger.com', 'AtVelitEu.gif', '211', '2021-08-21', 14, 530);
insert into Entrenador (CURP, Domicilio, ApellidoPaterno, ApellidoMaterno, Nombre, FechaDeNacimiento, correo, Fotografia, NSS, FechaIngreso, HorasPorSemana, IdSala) values ('tAbS36HENeyx02', '48668 8th Alley', 'Castanone', 'Eggleson', 'Ruby', '1925-05-05', 'reggleson5a@shop-pro.jp', 'FelisSed.mp3', '211', '2021-06-15', 32, 476);
insert into Entrenador (CURP, Domicilio, ApellidoPaterno, ApellidoMaterno, Nombre, FechaDeNacimiento, correo, Fotografia, NSS, FechaIngreso, HorasPorSemana, IdSala) values ('ZKhs56HFiszo82', '7060 Vernon Circle', 'Kintzel', 'Blythe', 'Stephenie', '1973-09-14', 'sblythe5b@google.de', 'Cras.tiff', '111', '2022-01-12', 24, 112);
insert into Entrenador (CURP, Domicilio, ApellidoPaterno, ApellidoMaterno, Nombre, FechaDeNacimiento, correo, Fotografia, NSS, FechaIngreso, HorasPorSemana, IdSala) values ('ackG56MGCteN52', '05463 Kinsman Trail', 'Doeg', 'Leming', 'Huey', '1992-02-09', 'hleming5c@sakura.ne.jp', 'PharetraMagna.ppt', '511', '2022-09-18', 8, 512);
insert into Entrenador (CURP, Domicilio, ApellidoPaterno, ApellidoMaterno, Nombre, FechaDeNacimiento, correo, Fotografia, NSS, FechaIngreso, HorasPorSemana, IdSala) values ('YFOo76HiQwCc12', '0 Sutherland Lane', 'Brockelsby', 'Undy', 'Belva', '1994-02-27', 'bundy5d@craigslist.org', 'TristiqueIn.png', '811', '2022-09-04', 12, 19);
insert into Entrenador (CURP, Domicilio, ApellidoPaterno, ApellidoMaterno, Nombre, FechaDeNacimiento, correo, Fotografia, NSS, FechaIngreso, HorasPorSemana, IdSala) values ('QkLJ36MuSrbW52', '3082 Prairie Rose Court', 'Gaule', 'McGillecole', 'Shannon', '1908-05-30', 'smcgillecole5e@youtube.com', 'VestibulumQuam.png', '411', '2021-04-12', 34, 164);
insert into Entrenador (CURP, Domicilio, ApellidoPaterno, ApellidoMaterno, Nombre, FechaDeNacimiento, correo, Fotografia, NSS, FechaIngreso, HorasPorSemana, IdSala) values ('uHKV26MIZTWr82', '85 Ridgeview Pass', 'Dowden', 'Lyenyng', 'Jacintha', '1998-03-16', 'jlyenyng5f@opera.com', 'CrasMiPede.mov', '511', '2020-12-20', 11, 542);
insert into Entrenador (CURP, Domicilio, ApellidoPaterno, ApellidoMaterno, Nombre, FechaDeNacimiento, correo, Fotografia, NSS, FechaIngreso, HorasPorSemana, IdSala) values ('XPSq96MvNbcn32', '05399 Badeau Circle', 'Hawtin', 'Cure', 'Cariotta', '1976-06-11', 'ccure5g@bigcartel.com', 'TortorSollicitudinMi.ppt', '611', '2021-10-12', 14, 512);
insert into Entrenador (CURP, Domicilio, ApellidoPaterno, ApellidoMaterno, Nombre, FechaDeNacimiento, correo, Fotografia, NSS, FechaIngreso, HorasPorSemana, IdSala) values ('GRkK46MmXQID22', '55984 Sunbrook Plaza', 'Gulleford', 'Baumaier', 'Nicky', '1992-05-06', 'nbaumaier5h@geocities.jp', 'EstRisusAuctor.avi', '111', '2021-10-25', 40, 331);
insert into Entrenador (CURP, Domicilio, ApellidoPaterno, ApellidoMaterno, Nombre, FechaDeNacimiento, correo, Fotografia, NSS, FechaIngreso, HorasPorSemana, IdSala) values ('zvKs56MutrGp22', '6832 Straubel Street', 'Stearns', 'Larose', 'Demeter', '1952-08-08', 'dlarose5i@cmu.edu', 'In.txt', '011', '2021-03-07', 37, 390);
insert into Entrenador (CURP, Domicilio, ApellidoPaterno, ApellidoMaterno, Nombre, FechaDeNacimiento, correo, Fotografia, NSS, FechaIngreso, HorasPorSemana, IdSala) values ('rIyl26MZaGLD22', '357 Buena Vista Avenue', 'Bransgrove', 'Kalvin', 'Gabbey', '1958-09-08', 'gkalvin5j@army.mil', 'VestibulumVestibulum.avi', '811', '2022-02-17', 15, 52);
insert into Entrenador (CURP, Domicilio, ApellidoPaterno, ApellidoMaterno, Nombre, FechaDeNacimiento, correo, Fotografia, NSS, FechaIngreso, HorasPorSemana, IdSala) values ('AUib86HHMNIj62', '14498 Namekagon Court', 'Longega', 'Pritchard', 'Morse', '1910-03-15', 'mpritchard5k@fc2.com', 'MorbiNonQuam.gif', '111', '2022-09-15', 6, 22);
insert into Entrenador (CURP, Domicilio, ApellidoPaterno, ApellidoMaterno, Nombre, FechaDeNacimiento, correo, Fotografia, NSS, FechaIngreso, HorasPorSemana, IdSala) values ('Xsjy26HFkRHf12', '80 Eagan Center', 'Beamson', 'Pollendine', 'Junie', '1927-02-04', 'jpollendine5l@usda.gov', 'NonPretiumQuis.gif', '011', '2021-06-16', 24, 433);
insert into Entrenador (CURP, Domicilio, ApellidoPaterno, ApellidoMaterno, Nombre, FechaDeNacimiento, correo, Fotografia, NSS, FechaIngreso, HorasPorSemana, IdSala) values ('YPCG66MedcYn32', '091 Forest Crossing', 'Clerc', 'Antushev', 'Kessia', '1907-03-10', 'kantushev5m@tripadvisor.com', 'AmetSemFusce.txt', '111', '2022-06-06', 31, 425);
insert into Entrenador (CURP, Domicilio, ApellidoPaterno, ApellidoMaterno, Nombre, FechaDeNacimiento, correo, Fotografia, NSS, FechaIngreso, HorasPorSemana, IdSala) values ('dsJL76HfLFjE72', '26021 Marquette Alley', 'Baty', 'Ashcroft', 'Trudey', '2003-01-25', 'tashcroft5n@qq.com', 'Mi.mpeg', '811', '2021-01-09', 14, 542);
insert into Entrenador (CURP, Domicilio, ApellidoPaterno, ApellidoMaterno, Nombre, FechaDeNacimiento, correo, Fotografia, NSS, FechaIngreso, HorasPorSemana, IdSala) values ('Fryq06MOTmru12', '7 Brickson Park Trail', 'Eddie', 'Newark', 'Jacynth', '1930-06-23', 'jnewark5o@hexun.com', 'FaucibusAccumsanOdio.ppt', '011', '2021-07-11', 7, 569);
insert into Entrenador (CURP, Domicilio, ApellidoPaterno, ApellidoMaterno, Nombre, FechaDeNacimiento, correo, Fotografia, NSS, FechaIngreso, HorasPorSemana, IdSala) values ('Xfmv66MAOzsB22', '991 Menomonie Junction', 'Dannell', 'Connolly', 'Bendix', '1931-11-16', 'bconnolly5p@apple.com', 'LectusInQuam.tiff', '211', '2021-04-22', 36, 558);
insert into Entrenador (CURP, Domicilio, ApellidoPaterno, ApellidoMaterno, Nombre, FechaDeNacimiento, correo, Fotografia, NSS, FechaIngreso, HorasPorSemana, IdSala) values ('ecwk46HKAbHR62', '9924 Heffernan Plaza', 'Elnough', 'Cray', 'Whit', '2003-03-04', 'wcray5q@so-net.ne.jp', 'Sem.tiff', '311', '2021-03-21', 32, 225);
insert into Entrenador (CURP, Domicilio, ApellidoPaterno, ApellidoMaterno, Nombre, FechaDeNacimiento, correo, Fotografia, NSS, FechaIngreso, HorasPorSemana, IdSala) values ('vapA26MYnHQL72', '47 Longview Hill', 'Coleson', 'Tomlins', 'Burk', '1971-04-03', 'btomlins5r@angelfire.com', 'Maecenas.png', '711', '2022-05-21', 12, 439);
insert into Entrenador (CURP, Domicilio, ApellidoPaterno, ApellidoMaterno, Nombre, FechaDeNacimiento, correo, Fotografia, NSS, FechaIngreso, HorasPorSemana, IdSala) values ('woQW56HJKeil02', '426 Golf Pass', 'Drain', 'Binney', 'Al', '1908-10-09', 'abinney5s@liveinternet.ru', 'Donec.png', '411', '2022-02-14', 6, 240);
insert into Entrenador (CURP, Domicilio, ApellidoPaterno, ApellidoMaterno, Nombre, FechaDeNacimiento, correo, Fotografia, NSS, FechaIngreso, HorasPorSemana, IdSala) values ('EVLZ86MqvcbW52', '20 Lotheville Avenue', 'Rushton', 'Rouzet', 'Chryste', '1929-05-20', 'crouzet5t@sohu.com', 'NonummyMaecenasTincidunt.mp3', '411', '2022-04-17', 11, 64);
insert into Entrenador (CURP, Domicilio, ApellidoPaterno, ApellidoMaterno, Nombre, FechaDeNacimiento, correo, Fotografia, NSS, FechaIngreso, HorasPorSemana, IdSala) values ('utUx36HcjHKC82', '01 Tennessee Plaza', 'Renzini', 'Stuttard', 'Leia', '1968-02-02', 'lstuttard5u@nhs.uk', 'TurpisNecEuismod.mp3', '711', '2020-12-09', 14, 538);
insert into Entrenador (CURP, Domicilio, ApellidoPaterno, ApellidoMaterno, Nombre, FechaDeNacimiento, correo, Fotografia, NSS, FechaIngreso, HorasPorSemana, IdSala) values ('OJia16HxSteA42', '8 Declaration Hill', 'Kingsley', 'Wyleman', 'Elenore', '2016-06-06', 'ewyleman5v@is.gd', 'InPurusEu.pdf', '011', '2020-12-08', 8, 137);
insert into Entrenador (CURP, Domicilio, ApellidoPaterno, ApellidoMaterno, Nombre, FechaDeNacimiento, correo, Fotografia, NSS, FechaIngreso, HorasPorSemana, IdSala) values ('mGdj66MspQbZ02', '8 Rutledge Trail', 'Rose', 'Dumbellow', 'Ellis', '1908-11-01', 'edumbellow5w@live.com', 'LoremQuisqueUt.avi', '211', '2022-07-10', 10, 409);
insert into Entrenador (CURP, Domicilio, ApellidoPaterno, ApellidoMaterno, Nombre, FechaDeNacimiento, correo, Fotografia, NSS, FechaIngreso, HorasPorSemana, IdSala) values ('kcAo56MNkpmS42', '6479 Southridge Place', 'Soppeth', 'Lahy', 'Morly', '1989-10-08', 'mlahy5x@quantcast.com', 'Orci.avi', '411', '2022-01-29', 38, 114);
insert into Entrenador (CURP, Domicilio, ApellidoPaterno, ApellidoMaterno, Nombre, FechaDeNacimiento, correo, Fotografia, NSS, FechaIngreso, HorasPorSemana, IdSala) values ('Ouav96HWVLxa62', '5877 Bowman Point', 'Glaves', 'Sherlaw', 'Dorie', '1905-03-03', 'dsherlaw5y@hp.com', 'Nunc.mp3', '311', '2022-08-24', 22, 397);
insert into Entrenador (CURP, Domicilio, ApellidoPaterno, ApellidoMaterno, Nombre, FechaDeNacimiento, correo, Fotografia, NSS, FechaIngreso, HorasPorSemana, IdSala) values ('LJNp66HMyvXP62', '71429 Heffernan Point', 'Stithe', 'Sherel', 'Pearl', '1929-10-09', 'psherel5z@shop-pro.jp', 'Aliquam.doc', '011', '2022-06-29', 6, 300);
insert into Entrenador (CURP, Domicilio, ApellidoPaterno, ApellidoMaterno, Nombre, FechaDeNacimiento, correo, Fotografia, NSS, FechaIngreso, HorasPorSemana, IdSala) values ('Umsp56MiyNVQ92', '4 Granby Drive', 'Jiricka', 'Boor', 'Rachael', '1944-02-28', 'rboor60@360.cn', 'Augue.jpeg', '311', '2022-05-13', 12, 566);
insert into Entrenador (CURP, Domicilio, ApellidoPaterno, ApellidoMaterno, Nombre, FechaDeNacimiento, correo, Fotografia, NSS, FechaIngreso, HorasPorSemana, IdSala) values ('syDG16HaEiYk22', '98 Springview Court', 'Pennetti', 'Macbane', 'Orelia', '1961-11-30', 'omacbane61@wikispaces.com', 'HabitassePlatea.tiff', '411', '2021-09-05', 25, 293);
insert into Entrenador (CURP, Domicilio, ApellidoPaterno, ApellidoMaterno, Nombre, FechaDeNacimiento, correo, Fotografia, NSS, FechaIngreso, HorasPorSemana, IdSala) values ('gwJn16MMJCEq12', '634 Anderson Lane', 'Moncrieffe', 'Duffyn', 'Brita', '1927-03-05', 'bduffyn62@si.edu', 'EgetEros.pdf', '611', '2021-06-14', 21, 542);
insert into Entrenador (CURP, Domicilio, ApellidoPaterno, ApellidoMaterno, Nombre, FechaDeNacimiento, correo, Fotografia, NSS, FechaIngreso, HorasPorSemana, IdSala) values ('Yvrt56MQxOFP42', '12 Old Shore Lane', 'Cordelle', 'Pietzner', 'Anna-maria', '1977-09-27', 'apietzner63@github.com', 'ConsequatLectusIn.xls', '011', '2022-07-08', 33, 8);
insert into Entrenador (CURP, Domicilio, ApellidoPaterno, ApellidoMaterno, Nombre, FechaDeNacimiento, correo, Fotografia, NSS, FechaIngreso, HorasPorSemana, IdSala) values ('fljM76HkPiCe02', '58 Fair Oaks Drive', 'Lemerie', 'Geekie', 'Skip', '1923-08-02', 'sgeekie64@desdev.cn', 'In.txt', '511', '2022-02-15', 7, 380);
insert into Entrenador (CURP, Domicilio, ApellidoPaterno, ApellidoMaterno, Nombre, FechaDeNacimiento, correo, Fotografia, NSS, FechaIngreso, HorasPorSemana, IdSala) values ('iDTK46HvdVOo32', '85 Pepper Wood Parkway', 'Ure', 'Trevethan', 'Milly', '1940-03-27', 'mtrevethan65@spotify.com', 'Consectetuer.ppt', '111', '2021-06-14', 8, 102);
insert into Entrenador (CURP, Domicilio, ApellidoPaterno, ApellidoMaterno, Nombre, FechaDeNacimiento, correo, Fotografia, NSS, FechaIngreso, HorasPorSemana, IdSala) values ('fqOe76MxILhu62', '802 Brown Street', 'Kidgell', 'Papaminas', 'Jaquelin', '2006-03-28', 'jpapaminas66@ca.gov', 'ScelerisqueQuam.xls', '811', '2022-11-12', 25, 126);
insert into Entrenador (CURP, Domicilio, ApellidoPaterno, ApellidoMaterno, Nombre, FechaDeNacimiento, correo, Fotografia, NSS, FechaIngreso, HorasPorSemana, IdSala) values ('kTrW36MGJeWk32', '48239 American Park', 'Philcox', 'Reeve', 'Solly', '1987-01-15', 'sreeve67@thetimes.co.uk', 'Magnis.pdf', '911', '2022-06-02', 14, 495);
insert into Entrenador (CURP, Domicilio, ApellidoPaterno, ApellidoMaterno, Nombre, FechaDeNacimiento, correo, Fotografia, NSS, FechaIngreso, HorasPorSemana, IdSala) values ('SqJQ06MTsquE72', '43785 Maple Center', 'Fleury', 'Bazely', 'Francois', '2017-06-22', 'fbazely68@examiner.com', 'LectusAliquam.avi', '311', '2021-07-30', 9, 583);
insert into Entrenador (CURP, Domicilio, ApellidoPaterno, ApellidoMaterno, Nombre, FechaDeNacimiento, correo, Fotografia, NSS, FechaIngreso, HorasPorSemana, IdSala) values ('Kmbn96MKgaSB62', '9020 Towne Street', 'Derrell', 'Itzkovsky', 'Irving', '1927-06-08', 'iitzkovsky69@friendfeed.com', 'JustoIn.txt', '511', '2021-10-02', 5, 328);
insert into Entrenador (CURP, Domicilio, ApellidoPaterno, ApellidoMaterno, Nombre, FechaDeNacimiento, correo, Fotografia, NSS, FechaIngreso, HorasPorSemana, IdSala) values ('YNCw36MjJShv22', '5135 Corscot Crossing', 'Goodship', 'Lougheed', 'Terencio', '1918-05-21', 'tlougheed6a@army.mil', 'FacilisiCrasNon.doc', '211', '2022-09-29', 37, 450);
insert into Entrenador (CURP, Domicilio, ApellidoPaterno, ApellidoMaterno, Nombre, FechaDeNacimiento, correo, Fotografia, NSS, FechaIngreso, HorasPorSemana, IdSala) values ('kiNh76MOJzZe12', '46044 Monument Place', 'Kennally', 'Craythorn', 'Cecily', '1943-01-24', 'ccraythorn6b@chicagotribune.com', 'Porttitor.avi', '611', '2022-01-24', 9, 494);
insert into Entrenador (CURP, Domicilio, ApellidoPaterno, ApellidoMaterno, Nombre, FechaDeNacimiento, correo, Fotografia, NSS, FechaIngreso, HorasPorSemana, IdSala) values ('ZeLG16MJXBAM92', '547 Eliot Plaza', 'Pencost', 'Daspar', 'Raoul', '1996-09-05', 'rdaspar6c@unicef.org', 'EgetRutrumAt.xls', '911', '2022-02-19', 17, 376);
insert into Entrenador (CURP, Domicilio, ApellidoPaterno, ApellidoMaterno, Nombre, FechaDeNacimiento, correo, Fotografia, NSS, FechaIngreso, HorasPorSemana, IdSala) values ('nJUL66MClKHV72', '7 Prentice Drive', 'Feast', 'Kedward', 'Rustin', '2007-07-24', 'rkedward6d@auda.org.au', 'VitaeQuam.jpeg', '911', '2022-06-06', 31, 345);
insert into Entrenador (CURP, Domicilio, ApellidoPaterno, ApellidoMaterno, Nombre, FechaDeNacimiento, correo, Fotografia, NSS, FechaIngreso, HorasPorSemana, IdSala) values ('PcTJ76HlAbDx62', '4463 Red Cloud Pass', 'Gathwaite', 'Caudell', 'Kean', '1912-05-16', 'kcaudell6e@wikimedia.org', 'Ut.tiff', '311', '2021-02-09', 38, 206);
insert into Entrenador (CURP, Domicilio, ApellidoPaterno, ApellidoMaterno, Nombre, FechaDeNacimiento, correo, Fotografia, NSS, FechaIngreso, HorasPorSemana, IdSala) values ('LfKw96HGxoHZ52', '41183 Crowley Point', 'Tovey', 'Nordass', 'Toma', '1926-11-28', 'tnordass6f@acquirethisname.com', 'IpsumDolor.jpeg', '911', '2021-08-21', 11, 361);
insert into Entrenador (CURP, Domicilio, ApellidoPaterno, ApellidoMaterno, Nombre, FechaDeNacimiento, correo, Fotografia, NSS, FechaIngreso, HorasPorSemana, IdSala) values ('Hjos36MXqUJC32', '225 Sauthoff Court', 'Fatharly', 'Montacute', 'Eunice', '1914-04-16', 'emontacute6g@google.com.au', 'NislUt.avi', '411', '2021-08-24', 31, 269);
insert into Entrenador (CURP, Domicilio, ApellidoPaterno, ApellidoMaterno, Nombre, FechaDeNacimiento, correo, Fotografia, NSS, FechaIngreso, HorasPorSemana, IdSala) values ('cpet76HJqAFx22', '45 Mayer Place', 'Welfare', 'Tiddy', 'Almeda', '1971-11-05', 'atiddy6h@barnesandnoble.com', 'PellentesqueQuisque.ppt', '311', '2021-06-18', 19, 574);
insert into Entrenador (CURP, Domicilio, ApellidoPaterno, ApellidoMaterno, Nombre, FechaDeNacimiento, correo, Fotografia, NSS, FechaIngreso, HorasPorSemana, IdSala) values ('JBZw06MdbxXO02', '5050 Straubel Pass', 'Yacob', 'Fontaine', 'Kyla', '1911-04-24', 'kfontaine6i@baidu.com', 'NullaNisl.avi', '711', '2021-10-31', 22, 70);
insert into Entrenador (CURP, Domicilio, ApellidoPaterno, ApellidoMaterno, Nombre, FechaDeNacimiento, correo, Fotografia, NSS, FechaIngreso, HorasPorSemana, IdSala) values ('yvFr96HSiIYQ22', '859 Summit Parkway', 'Hrycek', 'Steffens', 'Katherina', '1973-09-03', 'ksteffens6j@1688.com', 'EuMagnaVulputate.xls', '211', '2021-08-21', 37, 428);
insert into Entrenador (CURP, Domicilio, ApellidoPaterno, ApellidoMaterno, Nombre, FechaDeNacimiento, correo, Fotografia, NSS, FechaIngreso, HorasPorSemana, IdSala) values ('ZbYI36MFoWCK22', '5 Homewood Street', 'Dutson', 'Thouless', 'Gabriella', '1939-03-01', 'gthouless6k@hatena.ne.jp', 'InHacHabitasse.avi', '911', '2021-02-18', 39, 102);
insert into Entrenador (CURP, Domicilio, ApellidoPaterno, ApellidoMaterno, Nombre, FechaDeNacimiento, correo, Fotografia, NSS, FechaIngreso, HorasPorSemana, IdSala) values ('dgQA16HPOtvw52', '139 Fairview Avenue', 'Bowfin', 'Pargetter', 'Concettina', '1952-10-10', 'cpargetter6l@multiply.com', 'ProinLeoOdio.xls', '311', '2022-11-13', 37, 100);
insert into Entrenador (CURP, Domicilio, ApellidoPaterno, ApellidoMaterno, Nombre, FechaDeNacimiento, correo, Fotografia, NSS, FechaIngreso, HorasPorSemana, IdSala) values ('KCoS86HgAfxH02', '98 Hayes Crossing', 'Kemm', 'Dahlbom', 'Dinah', '2000-02-02', 'ddahlbom6m@meetup.com', 'NuncVestibulum.mp3', '711', '2022-07-13', 28, 9);
insert into Entrenador (CURP, Domicilio, ApellidoPaterno, ApellidoMaterno, Nombre, FechaDeNacimiento, correo, Fotografia, NSS, FechaIngreso, HorasPorSemana, IdSala) values ('TdcN16HvAENc92', '05 Crest Line Lane', 'Eringey', 'De Giovanni', 'Halimeda', '1970-09-11', 'hdegiovanni6n@msu.edu', 'NullaMollis.mpeg', '111', '2022-01-19', 15, 81);
insert into Entrenador (CURP, Domicilio, ApellidoPaterno, ApellidoMaterno, Nombre, FechaDeNacimiento, correo, Fotografia, NSS, FechaIngreso, HorasPorSemana, IdSala) values ('UdBG16McxgeX82', '4 Bonner Pass', 'Staggs', 'Sabatini', 'Vonny', '1975-12-29', 'vsabatini6o@printfriendly.com', 'Eget.ppt', '711', '2021-03-03', 5, 174);
insert into Entrenador (CURP, Domicilio, ApellidoPaterno, ApellidoMaterno, Nombre, FechaDeNacimiento, correo, Fotografia, NSS, FechaIngreso, HorasPorSemana, IdSala) values ('SwOJ16HkJRYp72', '782 Montana Terrace', 'Klagge', 'Tams', 'Ryun', '1948-05-20', 'rtams6p@example.com', 'PulvinarNullaPede.png', '011', '2021-07-17', 18, 307);
insert into Entrenador (CURP, Domicilio, ApellidoPaterno, ApellidoMaterno, Nombre, FechaDeNacimiento, correo, Fotografia, NSS, FechaIngreso, HorasPorSemana, IdSala) values ('jzcZ86HDUoFk92', '90 Ryan Trail', 'Lawford', 'Puddephatt', 'Anthiathia', '1989-08-04', 'apuddephatt6q@xinhuanet.com', 'DonecOdio.mp3', '311', '2022-12-05', 22, 170);
insert into Entrenador (CURP, Domicilio, ApellidoPaterno, ApellidoMaterno, Nombre, FechaDeNacimiento, correo, Fotografia, NSS, FechaIngreso, HorasPorSemana, IdSala) values ('HSvn46MtNeaX52', '29 4th Way', 'Simmonett', 'Hacking', 'Allen', '1980-09-26', 'ahacking6r@cam.ac.uk', 'EratIdMauris.jpeg', '611', '2021-03-23', 24, 186);
insert into Entrenador (CURP, Domicilio, ApellidoPaterno, ApellidoMaterno, Nombre, FechaDeNacimiento, correo, Fotografia, NSS, FechaIngreso, HorasPorSemana, IdSala) values ('mwpQ56HeOXAm02', '03393 Aberg Terrace', 'Puddifer', 'Britnell', 'Kermie', '1988-08-28', 'kbritnell6s@bigcartel.com', 'DiamErat.avi', '111', '2021-07-14', 5, 214);
insert into Entrenador (CURP, Domicilio, ApellidoPaterno, ApellidoMaterno, Nombre, FechaDeNacimiento, correo, Fotografia, NSS, FechaIngreso, HorasPorSemana, IdSala) values ('zKdU06MFxqBd72', '9 Crownhardt Avenue', 'Bloore', 'Chatel', 'Dorene', '1978-12-26', 'dchatel6t@unblog.fr', 'Et.ppt', '711', '2021-10-06', 28, 375);
insert into Entrenador (CURP, Domicilio, ApellidoPaterno, ApellidoMaterno, Nombre, FechaDeNacimiento, correo, Fotografia, NSS, FechaIngreso, HorasPorSemana, IdSala) values ('dlLM36MbaByk02', '8855 Commercial Center', 'Whinney', 'Hobgen', 'Janaye', '2012-12-03', 'jhobgen6u@yolasite.com', 'Quam.txt', '911', '2022-01-18', 33, 188);
insert into Entrenador (CURP, Domicilio, ApellidoPaterno, ApellidoMaterno, Nombre, FechaDeNacimiento, correo, Fotografia, NSS, FechaIngreso, HorasPorSemana, IdSala) values ('WgCT36MHxpdb62', '5201 Nelson Road', 'Beeston', 'Gooder', 'Lutero', '1923-08-21', 'lgooder6v@jugem.jp', 'Posuere.mp3', '511', '2020-12-29', 17, 45);
insert into Entrenador (CURP, Domicilio, ApellidoPaterno, ApellidoMaterno, Nombre, FechaDeNacimiento, correo, Fotografia, NSS, FechaIngreso, HorasPorSemana, IdSala) values ('kjJs86MQErhd92', '6 Maple Wood Hill', 'McKeady', 'Keese', 'Salli', '1966-02-11', 'skeese6w@cloudflare.com', 'SemperSapienA.ppt', '811', '2021-03-04', 40, 457);
insert into Entrenador (CURP, Domicilio, ApellidoPaterno, ApellidoMaterno, Nombre, FechaDeNacimiento, correo, Fotografia, NSS, FechaIngreso, HorasPorSemana, IdSala) values ('RaYz86HlBUnE92', '57868 Ruskin Street', 'Yanne', 'Yaus', 'Errick', '1901-08-25', 'eyaus6x@dailymotion.com', 'Suscipit.ppt', '111', '2021-10-14', 34, 279);
insert into Entrenador (CURP, Domicilio, ApellidoPaterno, ApellidoMaterno, Nombre, FechaDeNacimiento, correo, Fotografia, NSS, FechaIngreso, HorasPorSemana, IdSala) values ('BXoC56HZUfKH62', '9834 Declaration Circle', 'Lunney', 'Garatty', 'Kylila', '1987-05-07', 'kgaratty6y@ucla.edu', 'AtVulputateVitae.xls', '911', '2021-01-05', 36, 553);
insert into Entrenador (CURP, Domicilio, ApellidoPaterno, ApellidoMaterno, Nombre, FechaDeNacimiento, correo, Fotografia, NSS, FechaIngreso, HorasPorSemana, IdSala) values ('NzoI26MRGfSj02', '03 Larry Street', 'Ing', 'Spaxman', 'Zola', '2001-01-30', 'zspaxman6z@amazon.de', 'EratFermentum.ppt', '611', '2021-06-30', 19, 86);
insert into Entrenador (CURP, Domicilio, ApellidoPaterno, ApellidoMaterno, Nombre, FechaDeNacimiento, correo, Fotografia, NSS, FechaIngreso, HorasPorSemana, IdSala) values ('dWER16MQINDu82', '3222 Corry Street', 'Minucci', 'Duplan', 'Leanor', '1981-05-18', 'lduplan70@redcross.org', 'MiInPorttitor.gif', '511', '2021-12-13', 38, 235);
insert into Entrenador (CURP, Domicilio, ApellidoPaterno, ApellidoMaterno, Nombre, FechaDeNacimiento, correo, Fotografia, NSS, FechaIngreso, HorasPorSemana, IdSala) values ('VYDr96HRprea12', '81 Northwestern Lane', 'Pigne', 'MacQuist', 'Uta', '1906-02-19', 'umacquist71@pinterest.com', 'AliquamQuisTurpis.doc', '611', '2021-01-10', 6, 575);
insert into Entrenador (CURP, Domicilio, ApellidoPaterno, ApellidoMaterno, Nombre, FechaDeNacimiento, correo, Fotografia, NSS, FechaIngreso, HorasPorSemana, IdSala) values ('dxHM36HtXDOT12', '4966 Hoffman Plaza', 'Sarfati', 'Oleszczak', 'Reagan', '1970-01-07', 'roleszczak72@umn.edu', 'ConsequatNullaNisl.mp3', '911', '2021-06-06', 11, 183);
insert into Entrenador (CURP, Domicilio, ApellidoPaterno, ApellidoMaterno, Nombre, FechaDeNacimiento, correo, Fotografia, NSS, FechaIngreso, HorasPorSemana, IdSala) values ('XtsA46MdXHJc32', '6 Dryden Park', 'Witheridge', 'Monelle', 'Dur', '2006-11-07', 'dmonelle73@chron.com', 'CumSociisNatoque.xls', '211', '2021-10-30', 26, 550);
insert into Entrenador (CURP, Domicilio, ApellidoPaterno, ApellidoMaterno, Nombre, FechaDeNacimiento, correo, Fotografia, NSS, FechaIngreso, HorasPorSemana, IdSala) values ('mpFb26HQzTHf82', '35 Service Parkway', 'Wheatman', 'Creevy', 'Shirl', '1970-10-07', 'screevy74@house.gov', 'Velit.avi', '511', '2021-07-18', 30, 143);
insert into Entrenador (CURP, Domicilio, ApellidoPaterno, ApellidoMaterno, Nombre, FechaDeNacimiento, correo, Fotografia, NSS, FechaIngreso, HorasPorSemana, IdSala) values ('czus86MUxYgp52', '86 Ridge Oak Point', 'Learned', 'Dulson', 'Joelie', '1958-10-19', 'jdulson75@sogou.com', 'VenenatisTristique.ppt', '711', '2022-09-25', 18, 566);
insert into Entrenador (CURP, Domicilio, ApellidoPaterno, ApellidoMaterno, Nombre, FechaDeNacimiento, correo, Fotografia, NSS, FechaIngreso, HorasPorSemana, IdSala) values ('iFYh76MtqxLP72', '876 Farwell Parkway', 'Scain', 'MacBain', 'Porty', '1956-04-17', 'pmacbain76@google.it', 'InTemporTurpis.xls', '311', '2021-01-18', 23, 574);
insert into Entrenador (CURP, Domicilio, ApellidoPaterno, ApellidoMaterno, Nombre, FechaDeNacimiento, correo, Fotografia, NSS, FechaIngreso, HorasPorSemana, IdSala) values ('RBMY76HmQPry52', '22 Mandrake Parkway', 'Underhill', 'China', 'Raphael', '1978-01-09', 'rchina77@abc.net.au', 'IdLuctus.xls', '111', '2022-08-30', 35, 101);
insert into Entrenador (CURP, Domicilio, ApellidoPaterno, ApellidoMaterno, Nombre, FechaDeNacimiento, correo, Fotografia, NSS, FechaIngreso, HorasPorSemana, IdSala) values ('ojVM06MWakRb32', '52978 Sundown Court', 'Pegler', 'Brithman', 'Desiri', '2003-06-17', 'dbrithman78@dmoz.org', 'SapienQuisLibero.ppt', '511', '2021-09-23', 15, 183);
insert into Entrenador (CURP, Domicilio, ApellidoPaterno, ApellidoMaterno, Nombre, FechaDeNacimiento, correo, Fotografia, NSS, FechaIngreso, HorasPorSemana, IdSala) values ('mVdD56HbolJB22', '92 Shopko Center', 'Beeck', 'Castelijn', 'Clim', '1913-04-06', 'ccastelijn79@cbc.ca', 'VulputateNonummyMaecenas.avi', '711', '2021-05-17', 17, 417);
insert into Entrenador (CURP, Domicilio, ApellidoPaterno, ApellidoMaterno, Nombre, FechaDeNacimiento, correo, Fotografia, NSS, FechaIngreso, HorasPorSemana, IdSala) values ('NmIa66MMoOTq12', '3689 Mockingbird Circle', 'Beminster', 'Knibb', 'Melanie', '1931-04-06', 'mknibb7a@skyrock.com', 'PellentesqueAt.png', '311', '2021-04-03', 26, 12);
insert into Entrenador (CURP, Domicilio, ApellidoPaterno, ApellidoMaterno, Nombre, FechaDeNacimiento, correo, Fotografia, NSS, FechaIngreso, HorasPorSemana, IdSala) values ('WHrD96MZwdLj32', '3916 Hanover Terrace', 'Aucoate', 'Bruckshaw', 'Eada', '1947-08-27', 'ebruckshaw7b@twitpic.com', 'Condimentum.txt', '511', '2021-02-14', 22, 527);
insert into Entrenador (CURP, Domicilio, ApellidoPaterno, ApellidoMaterno, Nombre, FechaDeNacimiento, correo, Fotografia, NSS, FechaIngreso, HorasPorSemana, IdSala) values ('SnxB16HuNLjk32', '98041 Dunning Park', 'Heiden', 'Headrick', 'Garreth', '1942-03-22', 'gheadrick7c@vkontakte.ru', 'VulputateJustoIn.xls', '611', '2022-07-06', 8, 390);
insert into Entrenador (CURP, Domicilio, ApellidoPaterno, ApellidoMaterno, Nombre, FechaDeNacimiento, correo, Fotografia, NSS, FechaIngreso, HorasPorSemana, IdSala) values ('IjZY16MIulZz52', '8 Saint Paul Avenue', 'Pollett', 'Glide', 'Alex', '1924-12-14', 'aglide7d@google.com.br', 'Condimentum.ppt', '111', '2021-02-22', 26, 7);
insert into Entrenador (CURP, Domicilio, ApellidoPaterno, ApellidoMaterno, Nombre, FechaDeNacimiento, correo, Fotografia, NSS, FechaIngreso, HorasPorSemana, IdSala) values ('MKoC76MrIQPd02', '4985 Anhalt Road', 'Barkes', 'Nuttey', 'Essy', '1910-08-04', 'enuttey7e@usnews.com', 'AnteIpsumPrimis.xls', '511', '2022-01-19', 34, 412);
insert into Entrenador (CURP, Domicilio, ApellidoPaterno, ApellidoMaterno, Nombre, FechaDeNacimiento, correo, Fotografia, NSS, FechaIngreso, HorasPorSemana, IdSala) values ('GILV56MktjmA52', '08645 Eagan Road', 'McHaffy', 'Chaloner', 'Koral', '1922-10-20', 'kchaloner7f@mediafire.com', 'NequeDuis.tiff', '211', '2021-06-21', 14, 109);
insert into Entrenador (CURP, Domicilio, ApellidoPaterno, ApellidoMaterno, Nombre, FechaDeNacimiento, correo, Fotografia, NSS, FechaIngreso, HorasPorSemana, IdSala) values ('HwdS06HipWZf02', '41 Stephen Center', 'Handling', 'Ferroni', 'Lucien', '1968-08-22', 'lferroni7g@blogspot.com', 'VelNullaEget.avi', '311', '2022-07-06', 28, 510);
insert into Entrenador (CURP, Domicilio, ApellidoPaterno, ApellidoMaterno, Nombre, FechaDeNacimiento, correo, Fotografia, NSS, FechaIngreso, HorasPorSemana, IdSala) values ('uVmX06MWHSrI92', '533 Annamark Drive', 'Entwistle', 'Brain', 'Zaneta', '1932-10-30', 'zbrain7h@bigcartel.com', 'VelAugue.mp3', '311', '2021-06-23', 28, 131);
insert into Entrenador (CURP, Domicilio, ApellidoPaterno, ApellidoMaterno, Nombre, FechaDeNacimiento, correo, Fotografia, NSS, FechaIngreso, HorasPorSemana, IdSala) values ('Ixyg06HrfWYv32', '84919 Moose Park', 'Wash', 'Barensen', 'Augustus', '1977-09-24', 'abarensen7i@weather.com', 'EstEt.mp3', '611', '2022-08-03', 18, 534);
insert into Entrenador (CURP, Domicilio, ApellidoPaterno, ApellidoMaterno, Nombre, FechaDeNacimiento, correo, Fotografia, NSS, FechaIngreso, HorasPorSemana, IdSala) values ('kWMz26MWPKLe02', '637 Hollow Ridge Alley', 'Alpin', 'Ratchford', 'Beale', '1938-01-11', 'bratchford7j@theatlantic.com', 'ViverraDapibusNulla.mp3', '011', '2022-05-20', 40, 381);
insert into Entrenador (CURP, Domicilio, ApellidoPaterno, ApellidoMaterno, Nombre, FechaDeNacimiento, correo, Fotografia, NSS, FechaIngreso, HorasPorSemana, IdSala) values ('CIye96Hhwfzx52', '652 Schiller Park', 'Nund', 'O''Hannay', 'Enid', '1988-04-06', 'eohannay7k@goo.ne.jp', 'In.tiff', '011', '2021-03-01', 12, 71);
insert into Entrenador (CURP, Domicilio, ApellidoPaterno, ApellidoMaterno, Nombre, FechaDeNacimiento, correo, Fotografia, NSS, FechaIngreso, HorasPorSemana, IdSala) values ('bSTQ76HPAerS72', '1487 Havey Park', 'Beyn', 'Roger', 'Dodie', '1989-07-28', 'droger7l@army.mil', 'LeoOdioCondimentum.avi', '111', '2022-10-08', 14, 270);
insert into Entrenador (CURP, Domicilio, ApellidoPaterno, ApellidoMaterno, Nombre, FechaDeNacimiento, correo, Fotografia, NSS, FechaIngreso, HorasPorSemana, IdSala) values ('CYHG96MBvebD02', '7 Sunbrook Park', 'Carrabott', 'Graundisson', 'Chelsea', '1987-01-20', 'cgraundisson7m@squarespace.com', 'MaurisUllamcorperPurus.doc', '711', '2021-08-31', 13, 587);
insert into Entrenador (CURP, Domicilio, ApellidoPaterno, ApellidoMaterno, Nombre, FechaDeNacimiento, correo, Fotografia, NSS, FechaIngreso, HorasPorSemana, IdSala) values ('ofyZ86HWcCtk82', '4404 Blue Bill Park Road', 'Last', 'Dann', 'Ives', '1937-10-15', 'idann7n@hugedomains.com', 'Sem.tiff', '211', '2021-12-21', 23, 333);
insert into Entrenador (CURP, Domicilio, ApellidoPaterno, ApellidoMaterno, Nombre, FechaDeNacimiento, correo, Fotografia, NSS, FechaIngreso, HorasPorSemana, IdSala) values ('gZtd16MdTehQ82', '26 Anthes Court', 'Downes', 'Worssam', 'Octavius', '1989-02-14', 'oworssam7o@delicious.com', 'In.mp3', '611', '2022-11-23', 35, 273);
insert into Entrenador (CURP, Domicilio, ApellidoPaterno, ApellidoMaterno, Nombre, FechaDeNacimiento, correo, Fotografia, NSS, FechaIngreso, HorasPorSemana, IdSala) values ('CWIz66MtzWIj82', '427 Autumn Leaf Point', 'Conigsby', 'Methingam', 'Athene', '2000-12-18', 'amethingam7p@youku.com', 'InMagna.doc', '511', '2022-10-28', 37, 68);
insert into Entrenador (CURP, Domicilio, ApellidoPaterno, ApellidoMaterno, Nombre, FechaDeNacimiento, correo, Fotografia, NSS, FechaIngreso, HorasPorSemana, IdSala) values ('QtBI86MIiwnz22', '1571 Lillian Way', 'Bygreaves', 'Elijah', 'Addi', '1937-01-03', 'aelijah7q@java.com', 'NuncDonecQuis.avi', '011', '2022-06-24', 40, 7);
insert into Entrenador (CURP, Domicilio, ApellidoPaterno, ApellidoMaterno, Nombre, FechaDeNacimiento, correo, Fotografia, NSS, FechaIngreso, HorasPorSemana, IdSala) values ('fqkn76HjvCVg72', '516 Anhalt Hill', 'Schole', 'Whanstall', 'Oran', '1920-01-03', 'owhanstall7r@mail.ru', 'MetusVitae.mp3', '211', '2022-09-12', 37, 413);
insert into Entrenador (CURP, Domicilio, ApellidoPaterno, ApellidoMaterno, Nombre, FechaDeNacimiento, correo, Fotografia, NSS, FechaIngreso, HorasPorSemana, IdSala) values ('ZjJH46MIVgmJ02', '25163 Dixon Center', 'Cashin', 'Prate', 'Nicky', '1989-08-25', 'nprate7s@creativecommons.org', 'RisusAuctorSed.xls', '311', '2021-08-12', 5, 505);
insert into Entrenador (CURP, Domicilio, ApellidoPaterno, ApellidoMaterno, Nombre, FechaDeNacimiento, correo, Fotografia, NSS, FechaIngreso, HorasPorSemana, IdSala) values ('lEUn66MIWjaL82', '68126 Ludington Parkway', 'Hemphall', 'Breissan', 'Erina', '1980-03-22', 'ebreissan7t@typepad.com', 'Vel.ppt', '611', '2021-03-29', 13, 415);
insert into Entrenador (CURP, Domicilio, ApellidoPaterno, ApellidoMaterno, Nombre, FechaDeNacimiento, correo, Fotografia, NSS, FechaIngreso, HorasPorSemana, IdSala) values ('GvAE86MwpUOI62', '57 6th Lane', 'Guinness', 'Beinke', 'Lanni', '1965-03-25', 'lbeinke7u@domainmarket.com', 'BibendumImperdietNullam.tiff', '611', '2022-03-11', 32, 145);
insert into Entrenador (CURP, Domicilio, ApellidoPaterno, ApellidoMaterno, Nombre, FechaDeNacimiento, correo, Fotografia, NSS, FechaIngreso, HorasPorSemana, IdSala) values ('vaVF46MKzlEU92', '567 Pankratz Pass', 'Viggers', 'Victor', 'Naomi', '1978-04-13', 'nvictor7v@japanpost.jp', 'ArcuSedAugue.mp3', '111', '2021-03-02', 18, 107);
insert into Entrenador (CURP, Domicilio, ApellidoPaterno, ApellidoMaterno, Nombre, FechaDeNacimiento, correo, Fotografia, NSS, FechaIngreso, HorasPorSemana, IdSala) values ('wYqJ46MGNrkl62', '321 Daystar Crossing', 'Rankling', 'Eagland', 'Cassi', '1943-07-03', 'ceagland7w@yolasite.com', 'Congue.xls', '011', '2022-08-14', 10, 542);
insert into Entrenador (CURP, Domicilio, ApellidoPaterno, ApellidoMaterno, Nombre, FechaDeNacimiento, correo, Fotografia, NSS, FechaIngreso, HorasPorSemana, IdSala) values ('VeMZ36HYvISs42', '4 Sauthoff Road', 'Pohlak', 'Liebrecht', 'Mala', '1923-07-08', 'mliebrecht7x@hc360.com', 'PellentesqueVolutpat.tiff', '911', '2022-01-07', 37, 22);
insert into Entrenador (CURP, Domicilio, ApellidoPaterno, ApellidoMaterno, Nombre, FechaDeNacimiento, correo, Fotografia, NSS, FechaIngreso, HorasPorSemana, IdSala) values ('Alzt56HvXKTW32', '0 Thierer Parkway', 'Hulse', 'Cranson', 'Cayla', '1980-07-19', 'ccranson7y@sciencedaily.com', 'IdConsequat.mp3', '411', '2021-08-31', 18, 294);
insert into Entrenador (CURP, Domicilio, ApellidoPaterno, ApellidoMaterno, Nombre, FechaDeNacimiento, correo, Fotografia, NSS, FechaIngreso, HorasPorSemana, IdSala) values ('RLHZ06MHYTmD92', '69706 Northview Road', 'Bresnahan', 'Bolsover', 'Kienan', '1960-11-26', 'kbolsover7z@i2i.jp', 'BibendumImperdiet.xls', '511', '2020-12-11', 10, 206);
insert into Entrenador (CURP, Domicilio, ApellidoPaterno, ApellidoMaterno, Nombre, FechaDeNacimiento, correo, Fotografia, NSS, FechaIngreso, HorasPorSemana, IdSala) values ('Cfqr16MypAOn82', '34 Katie Point', 'Colmer', 'Boate', 'Birdie', '1936-06-11', 'bboate80@amazon.com', 'ProinRisusPraesent.xls', '511', '2021-07-02', 40, 171);
insert into Entrenador (CURP, Domicilio, ApellidoPaterno, ApellidoMaterno, Nombre, FechaDeNacimiento, correo, Fotografia, NSS, FechaIngreso, HorasPorSemana, IdSala) values ('zavG26MrdeWR92', '4 Clyde Gallagher Circle', 'Figgures', 'Grealy', 'Jeffy', '1913-03-15', 'jgrealy81@amazon.co.uk', 'AtIpsum.avi', '011', '2021-04-30', 39, 163);
insert into Entrenador (CURP, Domicilio, ApellidoPaterno, ApellidoMaterno, Nombre, FechaDeNacimiento, correo, Fotografia, NSS, FechaIngreso, HorasPorSemana, IdSala) values ('UwNP66MhBjsr52', '77 Leroy Junction', 'Lawes', 'McArtan', 'Jinny', '1942-01-17', 'jmcartan82@godaddy.com', 'Nulla.ppt', '411', '2022-05-14', 21, 145);
insert into Entrenador (CURP, Domicilio, ApellidoPaterno, ApellidoMaterno, Nombre, FechaDeNacimiento, correo, Fotografia, NSS, FechaIngreso, HorasPorSemana, IdSala) values ('bpZK56MTsfNm32', '688 Daystar Point', 'Haggett', 'Swinerd', 'Freddie', '1939-11-18', 'fswinerd83@flickr.com', 'Eleifend.xls', '211', '2021-03-07', 24, 436);
insert into Entrenador (CURP, Domicilio, ApellidoPaterno, ApellidoMaterno, Nombre, FechaDeNacimiento, correo, Fotografia, NSS, FechaIngreso, HorasPorSemana, IdSala) values ('DpgB56MflOJe92', '4 Crownhardt Terrace', 'Bexon', 'Loveday', 'Marylinda', '1944-01-08', 'mloveday84@ft.com', 'TempusSemper.doc', '611', '2022-07-08', 19, 263);
insert into Entrenador (CURP, Domicilio, ApellidoPaterno, ApellidoMaterno, Nombre, FechaDeNacimiento, correo, Fotografia, NSS, FechaIngreso, HorasPorSemana, IdSala) values ('jBwo56HNdzvV42', '00 Parkside Drive', 'Salack', 'Martyns', 'Dinah', '1966-08-25', 'dmartyns85@chicagotribune.com', 'NullaNislNunc.xls', '111', '2022-05-08', 6, 36);
insert into Entrenador (CURP, Domicilio, ApellidoPaterno, ApellidoMaterno, Nombre, FechaDeNacimiento, correo, Fotografia, NSS, FechaIngreso, HorasPorSemana, IdSala) values ('JnvE46MlDYkW52', '8053 Upham Crossing', 'Larham', 'Voisey', 'Derward', '1936-07-19', 'dvoisey86@indiegogo.com', 'TristiqueEstEt.ppt', '611', '2022-01-23', 40, 362);
insert into Entrenador (CURP, Domicilio, ApellidoPaterno, ApellidoMaterno, Nombre, FechaDeNacimiento, correo, Fotografia, NSS, FechaIngreso, HorasPorSemana, IdSala) values ('ceAw96HjINlk32', '8 Dahle Plaza', 'Glendzer', 'Aliman', 'Peta', '1924-11-29', 'paliman87@loc.gov', 'Vel.ppt', '611', '2021-05-11', 32, 565);
insert into Entrenador (CURP, Domicilio, ApellidoPaterno, ApellidoMaterno, Nombre, FechaDeNacimiento, correo, Fotografia, NSS, FechaIngreso, HorasPorSemana, IdSala) values ('oxaX96HWDYMn62', '33 Rigney Park', 'Cheney', 'Osselton', 'Pepi', '1937-04-14', 'posselton88@linkedin.com', 'NislNunc.xls', '411', '2021-06-12', 5, 261);
insert into Entrenador (CURP, Domicilio, ApellidoPaterno, ApellidoMaterno, Nombre, FechaDeNacimiento, correo, Fotografia, NSS, FechaIngreso, HorasPorSemana, IdSala) values ('mcPN66HOQciT32', '14731 Arapahoe Center', 'Blagbrough', 'Osmond', 'Ranna', '1931-01-26', 'rosmond89@unc.edu', 'SuspendissePotenti.mp3', '611', '2021-11-28', 29, 414);
insert into Entrenador (CURP, Domicilio, ApellidoPaterno, ApellidoMaterno, Nombre, FechaDeNacimiento, correo, Fotografia, NSS, FechaIngreso, HorasPorSemana, IdSala) values ('oRDF86HWtUcp22', '6 Marquette Pass', 'Searston', 'Iacovone', 'Arlette', '2000-10-07', 'aiacovone8a@nps.gov', 'AtNullaSuspendisse.avi', '911', '2022-04-21', 36, 154);
insert into Entrenador (CURP, Domicilio, ApellidoPaterno, ApellidoMaterno, Nombre, FechaDeNacimiento, correo, Fotografia, NSS, FechaIngreso, HorasPorSemana, IdSala) values ('vbna76MJviVD92', '2 Holy Cross Street', 'Viner', 'Fairhall', 'Dee dee', '1967-06-10', 'dfairhall8b@psu.edu', 'EuismodScelerisqueQuam.avi', '311', '2021-08-27', 22, 438);
-- Entrenador telefono
insert into EntrenadorTelefono (Telefono, CURP) values ('2282091838', 'CIye96Hhwfzx52');
insert into EntrenadorTelefono (Telefono, CURP) values ('6072285946', 'fljM76HkPiCe02');
insert into EntrenadorTelefono (Telefono, CURP) values ('9309255738', 'fqOe76MxILhu62');
insert into EntrenadorTelefono (Telefono, CURP) values ('4318989572', 'QkLJ36MuSrbW52');
insert into EntrenadorTelefono (Telefono, CURP) values ('2673168693', 'gwtD46HwKzID02');
insert into EntrenadorTelefono (Telefono, CURP) values ('2204666661', 'MQjt66HsXipU02');
insert into EntrenadorTelefono (Telefono, CURP) values ('6566428876', 'NmIa66MMoOTq12');
insert into EntrenadorTelefono (Telefono, CURP) values ('3571371292', 'kcAo56MNkpmS42');
insert into EntrenadorTelefono (Telefono, CURP) values ('8072268473', 'XBMm36HUshEk22');
insert into EntrenadorTelefono (Telefono, CURP) values ('9371319321', 'upPc26MpxEHT42');
insert into EntrenadorTelefono (Telefono, CURP) values ('3275629359', 'Bheb96MleKYn62');
insert into EntrenadorTelefono (Telefono, CURP) values ('7297645288', 'djZp56MbaqPB52');
insert into EntrenadorTelefono (Telefono, CURP) values ('6959350775', 'XBMm36HUshEk22');
insert into EntrenadorTelefono (Telefono, CURP) values ('6316946547', 'UvLI36HzOQSy42');
insert into EntrenadorTelefono (Telefono, CURP) values ('9769203864', 'vHfK16HvqFwI82');
insert into EntrenadorTelefono (Telefono, CURP) values ('5499997277', 'djZp56MbaqPB52');
insert into EntrenadorTelefono (Telefono, CURP) values ('1539586397', 'vHfK16HvqFwI82');
insert into EntrenadorTelefono (Telefono, CURP) values ('9352017363', 'RLHZ06MHYTmD92');
insert into EntrenadorTelefono (Telefono, CURP) values ('2402742328', 'kcAo56MNkpmS42');
insert into EntrenadorTelefono (Telefono, CURP) values ('8393660305', 'dWER16MQINDu82');
insert into EntrenadorTelefono (Telefono, CURP) values ('2798581098', 'zUPp16MDPEVs32');
insert into EntrenadorTelefono (Telefono, CURP) values ('8895835234', 'bIcY76HtKdXh72');
insert into EntrenadorTelefono (Telefono, CURP) values ('8751617566', 'OJia16HxSteA42');
insert into EntrenadorTelefono (Telefono, CURP) values ('3494462515', 'DbKa66MMxmTR22');
insert into EntrenadorTelefono (Telefono, CURP) values ('2117383885', 'LJNp66HMyvXP62');
insert into EntrenadorTelefono (Telefono, CURP) values ('5482962273', 'czus86MUxYgp52');
insert into EntrenadorTelefono (Telefono, CURP) values ('5056485018', 'DCXI86MZWRcl02');
insert into EntrenadorTelefono (Telefono, CURP) values ('4949546165', 'koEz36HZJqXQ42');
insert into EntrenadorTelefono (Telefono, CURP) values ('7191522803', 'Bheb96MleKYn62');
insert into EntrenadorTelefono (Telefono, CURP) values ('6385225409', 'ovEh26HXoPeR52');
insert into EntrenadorTelefono (Telefono, CURP) values ('5578072663', 'WRAJ16HJroYL52');
insert into EntrenadorTelefono (Telefono, CURP) values ('5098411211', 'yvFr96HSiIYQ22');
insert into EntrenadorTelefono (Telefono, CURP) values ('5565879064', 'rovA96MKlSku92');
insert into EntrenadorTelefono (Telefono, CURP) values ('9848308047', 'lEUn66MIWjaL82');
insert into EntrenadorTelefono (Telefono, CURP) values ('8029835505', 'YPCG66MedcYn32');
insert into EntrenadorTelefono (Telefono, CURP) values ('6774976817', 'sLWm26HtpZub12');
insert into EntrenadorTelefono (Telefono, CURP) values ('3812005573', 'OcBd26MLAXBe52');
insert into EntrenadorTelefono (Telefono, CURP) values ('1912242967', 'dWrQ96HYMWIU22');
insert into EntrenadorTelefono (Telefono, CURP) values ('6179330160', 'XtsA46MdXHJc32');
insert into EntrenadorTelefono (Telefono, CURP) values ('6548146420', 'VYDr96HRprea12');
insert into EntrenadorTelefono (Telefono, CURP) values ('9386433795', 'XvsC86MIiaTe82');
insert into EntrenadorTelefono (Telefono, CURP) values ('6901727905', 'XeOa76HuezCZ72');
insert into EntrenadorTelefono (Telefono, CURP) values ('5659733937', 'KFRh66MtwKog12');
insert into EntrenadorTelefono (Telefono, CURP) values ('5792500112', 'vlaV46HzpuYV12');
insert into EntrenadorTelefono (Telefono, CURP) values ('1835673764', 'iDTK46HvdVOo32');
insert into EntrenadorTelefono (Telefono, CURP) values ('9416554775', 'bvnX46HgdzOf12');
insert into EntrenadorTelefono (Telefono, CURP) values ('7586517512', 'OJia16HxSteA42');
insert into EntrenadorTelefono (Telefono, CURP) values ('5708438832', 'YPCG66MedcYn32');
insert into EntrenadorTelefono (Telefono, CURP) values ('2883786921', 'VYDr96HRprea12');
insert into EntrenadorTelefono (Telefono, CURP) values ('1673368414', 'iFYh76MtqxLP72');
insert into EntrenadorTelefono (Telefono, CURP) values ('8899652997', 'ackG56MGCteN52');
insert into EntrenadorTelefono (Telefono, CURP) values ('8584917169', 'GRkK46MmXQID22');
insert into EntrenadorTelefono (Telefono, CURP) values ('3557540926', 'LQbs46MXsBhp72');
insert into EntrenadorTelefono (Telefono, CURP) values ('4145412468', 'jYlZ66MLzTFW52');
insert into EntrenadorTelefono (Telefono, CURP) values ('4661933394', 'YPCG66MedcYn32');
insert into EntrenadorTelefono (Telefono, CURP) values ('8619629699', 'sbBL26HLKVPB82');
insert into EntrenadorTelefono (Telefono, CURP) values ('7554232712', 'BKOy96MGFnkY82');
insert into EntrenadorTelefono (Telefono, CURP) values ('9159779208', 'uLvW16MaZqtX62');
insert into EntrenadorTelefono (Telefono, CURP) values ('4018202016', 'FDjO26MhpNde82');
insert into EntrenadorTelefono (Telefono, CURP) values ('9404331014', 'bpZK56MTsfNm32');
insert into EntrenadorTelefono (Telefono, CURP) values ('8792729377', 'bWoC46MdHLnb62');
insert into EntrenadorTelefono (Telefono, CURP) values ('1816937843', 'drLw06HfcqhU12');
insert into EntrenadorTelefono (Telefono, CURP) values ('6229732994', 'iDTK46HvdVOo32');
insert into EntrenadorTelefono (Telefono, CURP) values ('6347806423', 'LJNp66HMyvXP62');
insert into EntrenadorTelefono (Telefono, CURP) values ('9491199909', 'iDTK46HvdVOo32');
insert into EntrenadorTelefono (Telefono, CURP) values ('6474359738', 'Alzt56HvXKTW32');
insert into EntrenadorTelefono (Telefono, CURP) values ('5896184861', 'oRDF86HWtUcp22');
insert into EntrenadorTelefono (Telefono, CURP) values ('1146622082', 'AfWh46HqFWnU22');
insert into EntrenadorTelefono (Telefono, CURP) values ('7033159994', 'MEga66MVpURl72');
insert into EntrenadorTelefono (Telefono, CURP) values ('1758611451', 'gwJn16MMJCEq12');
insert into EntrenadorTelefono (Telefono, CURP) values ('7586462660', 'LQbs46MXsBhp72');
insert into EntrenadorTelefono (Telefono, CURP) values ('5275642253', 'Dphv26MDFEbg92');
insert into EntrenadorTelefono (Telefono, CURP) values ('5908763310', 'Uagv16HonCtx22');
insert into EntrenadorTelefono (Telefono, CURP) values ('3954998163', 'RHxe46HkQEZw02');
insert into EntrenadorTelefono (Telefono, CURP) values ('9715773207', 'YTuS26HhXWTV52');
insert into EntrenadorTelefono (Telefono, CURP) values ('7244726473', 'zvKs56MutrGp22');
insert into EntrenadorTelefono (Telefono, CURP) values ('9132948121', 'sfTl66HgIRln22');
insert into EntrenadorTelefono (Telefono, CURP) values ('9663097435', 'KehV76MGWyzq02');
insert into EntrenadorTelefono (Telefono, CURP) values ('8536257353', 'VDsW96HwKyil82');
insert into EntrenadorTelefono (Telefono, CURP) values ('4146133226', 'UBct96HTVqbf12');
insert into EntrenadorTelefono (Telefono, CURP) values ('6038389260', 'QAbU56HvPtLO22');
insert into EntrenadorTelefono (Telefono, CURP) values ('1706418703', 'lnOF96HbqQpN92');
insert into EntrenadorTelefono (Telefono, CURP) values ('3907749420', 'vaVF46MKzlEU92');
insert into EntrenadorTelefono (Telefono, CURP) values ('6622074781', 'VOrT56MYxoiP32');
insert into EntrenadorTelefono (Telefono, CURP) values ('6224409874', 'Bheb96MleKYn62');
insert into EntrenadorTelefono (Telefono, CURP) values ('9546811911', 'WUdh46HZWodp32');
insert into EntrenadorTelefono (Telefono, CURP) values ('1039925725', 'ujlM76MWSqhK62');
insert into EntrenadorTelefono (Telefono, CURP) values ('3961024817', 'mpFb26HQzTHf82');
insert into EntrenadorTelefono (Telefono, CURP) values ('9758805896', 'YkZP36HLMmhl02');
insert into EntrenadorTelefono (Telefono, CURP) values ('2195826629', 'iZyJ76MNQMwB52');
insert into EntrenadorTelefono (Telefono, CURP) values ('7309728824', 'ecwk46HKAbHR62');
insert into EntrenadorTelefono (Telefono, CURP) values ('1807778169', 'XvsC86MIiaTe82');
insert into EntrenadorTelefono (Telefono, CURP) values ('1342293938', 'krLa76MnOGhZ42');
insert into EntrenadorTelefono (Telefono, CURP) values ('9804234159', 'alzo06MWHQPI42');
insert into EntrenadorTelefono (Telefono, CURP) values ('7567751054', 'WXOJ56MTCdEt82');
insert into EntrenadorTelefono (Telefono, CURP) values ('5489184324', 'vapA26MYnHQL72');
insert into EntrenadorTelefono (Telefono, CURP) values ('7981500633', 'urpi46MxhjGc22');
insert into EntrenadorTelefono (Telefono, CURP) values ('7796708753', 'bSTQ76HPAerS72');
insert into EntrenadorTelefono (Telefono, CURP) values ('9172377557', 'uHcd86HuAOfV32');
insert into EntrenadorTelefono (Telefono, CURP) values ('6093922815', 'ceAw96HjINlk32');
insert into EntrenadorTelefono (Telefono, CURP) values ('4989140106', 'dVXj76MLDjBw22');
insert into EntrenadorTelefono (Telefono, CURP) values ('6705188134', 'OJia16HxSteA42');
insert into EntrenadorTelefono (Telefono, CURP) values ('7539991376', 'EXiU66HCcaxs02');
insert into EntrenadorTelefono (Telefono, CURP) values ('2402169730', 'DCXI86MZWRcl02');
insert into EntrenadorTelefono (Telefono, CURP) values ('1941123683', 'zcIN26MzqrBk12');
insert into EntrenadorTelefono (Telefono, CURP) values ('1163609987', 'gwJn16MMJCEq12');
insert into EntrenadorTelefono (Telefono, CURP) values ('5495437457', 'uHcd86HuAOfV32');
insert into EntrenadorTelefono (Telefono, CURP) values ('4109960843', 'GRkK46MmXQID22');
insert into EntrenadorTelefono (Telefono, CURP) values ('8207773720', 'dsJL76HfLFjE72');
insert into EntrenadorTelefono (Telefono, CURP) values ('4802510951', 'AeiE76MOfuRk32');
insert into EntrenadorTelefono (Telefono, CURP) values ('8552548587', 'VYDr96HRprea12');
insert into EntrenadorTelefono (Telefono, CURP) values ('8971117611', 'LfKw96HGxoHZ52');
insert into EntrenadorTelefono (Telefono, CURP) values ('6851435738', 'Cfqr16MypAOn82');
insert into EntrenadorTelefono (Telefono, CURP) values ('7999515092', 'gZtd16MdTehQ82');
insert into EntrenadorTelefono (Telefono, CURP) values ('9152384209', 'GvAE86MwpUOI62');
insert into EntrenadorTelefono (Telefono, CURP) values ('8864858096', 'iKzS56MtKCrB22');
insert into EntrenadorTelefono (Telefono, CURP) values ('8159546430', 'MKoC76MrIQPd02');
insert into EntrenadorTelefono (Telefono, CURP) values ('8732855967', 'Xsjy26HFkRHf12');
insert into EntrenadorTelefono (Telefono, CURP) values ('6757613156', 'iZyJ76MNQMwB52');
insert into EntrenadorTelefono (Telefono, CURP) values ('1294830646', 'Odxz66HFvrPM52');
insert into EntrenadorTelefono (Telefono, CURP) values ('6138071807', 'eflk46HzZRGi72');
insert into EntrenadorTelefono (Telefono, CURP) values ('1898792161', 'Dphv26MDFEbg92');
insert into EntrenadorTelefono (Telefono, CURP) values ('2726599654', 'IXPu36MEzbuM22');
insert into EntrenadorTelefono (Telefono, CURP) values ('6034363472', 'iZyJ76MNQMwB52');
insert into EntrenadorTelefono (Telefono, CURP) values ('5116586006', 'wYqJ46MGNrkl62');
insert into EntrenadorTelefono (Telefono, CURP) values ('5827361675', 'HwdS06HipWZf02');
insert into EntrenadorTelefono (Telefono, CURP) values ('1926923487', 'CIye96Hhwfzx52');
insert into EntrenadorTelefono (Telefono, CURP) values ('4119273260', 'ncRF86MpgBmx72');
insert into EntrenadorTelefono (Telefono, CURP) values ('8077962767', 'kjJs86MQErhd92');
insert into EntrenadorTelefono (Telefono, CURP) values ('2345941567', 'bAIP96Mcvygr02');
insert into EntrenadorTelefono (Telefono, CURP) values ('3406285741', 'lEUn66MIWjaL82');
insert into EntrenadorTelefono (Telefono, CURP) values ('8974013052', 'iZyJ76MNQMwB52');
insert into EntrenadorTelefono (Telefono, CURP) values ('3673894677', 'wLxz96MwVBAO12');
insert into EntrenadorTelefono (Telefono, CURP) values ('7911945412', 'vHfK16HvqFwI82');
insert into EntrenadorTelefono (Telefono, CURP) values ('1646841073', 'kEFj56MNuXxR02');
insert into EntrenadorTelefono (Telefono, CURP) values ('3809646813', 'AfWh46HqFWnU22');
insert into EntrenadorTelefono (Telefono, CURP) values ('9447129598', 'sfTl66HgIRln22');
insert into EntrenadorTelefono (Telefono, CURP) values ('2082685915', 'bIcY76HtKdXh72');
insert into EntrenadorTelefono (Telefono, CURP) values ('7752677329', 'HwdS06HipWZf02');
insert into EntrenadorTelefono (Telefono, CURP) values ('1648752583', 'qtPn56HeLnHh12');
insert into EntrenadorTelefono (Telefono, CURP) values ('1339650967', 'FexN36HxHfbM52');
insert into EntrenadorTelefono (Telefono, CURP) values ('2446902076', 'gZtd16MdTehQ82');
insert into EntrenadorTelefono (Telefono, CURP) values ('2997240765', 'VOrT56MYxoiP32');
insert into EntrenadorTelefono (Telefono, CURP) values ('9309074520', 'YFOo76HiQwCc12');
insert into EntrenadorTelefono (Telefono, CURP) values ('1259746572', 'NZBQ46HCJQMk52');
insert into EntrenadorTelefono (Telefono, CURP) values ('4169688886', 'OJia16HxSteA42');
insert into EntrenadorTelefono (Telefono, CURP) values ('5931372175', 'QXAb86MGUfTQ92');
insert into EntrenadorTelefono (Telefono, CURP) values ('7439668685', 'MJse66HXySca52');
insert into EntrenadorTelefono (Telefono, CURP) values ('1986013669', 'ZbYI36MFoWCK22');
insert into EntrenadorTelefono (Telefono, CURP) values ('7883110688', 'KehV76MGWyzq02');
insert into EntrenadorTelefono (Telefono, CURP) values ('1986191557', 'ojVM06MWakRb32');
insert into EntrenadorTelefono (Telefono, CURP) values ('9115721859', 'rmHS96HUjQKf22');
insert into EntrenadorTelefono (Telefono, CURP) values ('4074329542', 'pknd76HSCUwc12');
insert into EntrenadorTelefono (Telefono, CURP) values ('6443050529', 'TSpu96HPGjFm72');
insert into EntrenadorTelefono (Telefono, CURP) values ('6943411402', 'hXWt06MChjXF22');
insert into EntrenadorTelefono (Telefono, CURP) values ('1304350022', 'TaYV86MFtzCh32');
insert into EntrenadorTelefono (Telefono, CURP) values ('4093652863', 'WXOJ56MTCdEt82');
insert into EntrenadorTelefono (Telefono, CURP) values ('6679495781', 'AeiE76MOfuRk32');
insert into EntrenadorTelefono (Telefono, CURP) values ('9965167095', 'wuHq36MAnVLY92');
insert into EntrenadorTelefono (Telefono, CURP) values ('9539511011', 'fljM76HkPiCe02');
insert into EntrenadorTelefono (Telefono, CURP) values ('7813546451', 'vWMg76MIEOeU02');
insert into EntrenadorTelefono (Telefono, CURP) values ('8054152256', 'KSlj56HQvmsb32');
insert into EntrenadorTelefono (Telefono, CURP) values ('5363892647', 'xBCk26MJgnLu62');
insert into EntrenadorTelefono (Telefono, CURP) values ('3066110084', 'DbKa66MMxmTR22');
insert into EntrenadorTelefono (Telefono, CURP) values ('4421538619', 'pvbG76HxPWAZ52');
insert into EntrenadorTelefono (Telefono, CURP) values ('4241166930', 'vlaV46HzpuYV12');
insert into EntrenadorTelefono (Telefono, CURP) values ('6645207249', 'VeMZ36HYvISs42');
insert into EntrenadorTelefono (Telefono, CURP) values ('4592091653', 'vaVF46MKzlEU92');
insert into EntrenadorTelefono (Telefono, CURP) values ('4632845772', 'GPpo76HUrdwE32');
insert into EntrenadorTelefono (Telefono, CURP) values ('5479252235', 'bpZK56MTsfNm32');
insert into EntrenadorTelefono (Telefono, CURP) values ('9508455077', 'mDEb76HXNVpE22');
insert into EntrenadorTelefono (Telefono, CURP) values ('4223901334', 'UvLI36HzOQSy42');
insert into EntrenadorTelefono (Telefono, CURP) values ('8731961626', 'mDEb76HXNVpE22');
insert into EntrenadorTelefono (Telefono, CURP) values ('7588762581', 'wLHa56MyPDZT42');
insert into EntrenadorTelefono (Telefono, CURP) values ('3951174815', 'QAbU56HvPtLO22');
insert into EntrenadorTelefono (Telefono, CURP) values ('7816259831', 'sbBL26HLKVPB82');
insert into EntrenadorTelefono (Telefono, CURP) values ('2349680031', 'TSpu96HPGjFm72');
insert into EntrenadorTelefono (Telefono, CURP) values ('1417821281', 'SnxB16HuNLjk32');
insert into EntrenadorTelefono (Telefono, CURP) values ('4116683513', 'ZKhs56HFiszo82');
insert into EntrenadorTelefono (Telefono, CURP) values ('7033063528', 'ofyZ86HWcCtk82');
insert into EntrenadorTelefono (Telefono, CURP) values ('6232466084', 'PcTJ76HlAbDx62');
insert into EntrenadorTelefono (Telefono, CURP) values ('8303298823', 'jSVc66HHtsjn72');
insert into EntrenadorTelefono (Telefono, CURP) values ('7842952260', 'dWER16MQINDu82');
insert into EntrenadorTelefono (Telefono, CURP) values ('7021564530', 'shCi06MKXIys82');
insert into EntrenadorTelefono (Telefono, CURP) values ('9373270700', 'kEFj56MNuXxR02');
insert into EntrenadorTelefono (Telefono, CURP) values ('6025966622', 'IjZY16MIulZz52');
insert into EntrenadorTelefono (Telefono, CURP) values ('8269523416', 'RDsV86MnuvhA42');
insert into EntrenadorTelefono (Telefono, CURP) values ('8843814627', 'aGcx76HLoOTa62');
insert into EntrenadorTelefono (Telefono, CURP) values ('3753550941', 'ujlM76MWSqhK62');
insert into EntrenadorTelefono (Telefono, CURP) values ('8146340456', 'syDG16HaEiYk22');
insert into EntrenadorTelefono (Telefono, CURP) values ('1121308211', 'YzGv26HDEQze72');
insert into EntrenadorTelefono (Telefono, CURP) values ('5691792915', 'koEz36HZJqXQ42');
insert into EntrenadorTelefono (Telefono, CURP) values ('7247854600', 'eflk46HzZRGi72');
insert into EntrenadorTelefono (Telefono, CURP) values ('2272366766', 'uHcd86HuAOfV32');
insert into EntrenadorTelefono (Telefono, CURP) values ('6711192884', 'TqaQ06HDTjfN02');
insert into EntrenadorTelefono (Telefono, CURP) values ('5729528811', 'HwiF86MmzLNa32');
insert into EntrenadorTelefono (Telefono, CURP) values ('9597177981', 'hXWt06MChjXF22');
insert into EntrenadorTelefono (Telefono, CURP) values ('3563016053', 'mGdj66MspQbZ02');
insert into EntrenadorTelefono (Telefono, CURP) values ('1439861435', 'uJFk86MzULvJ92');
insert into EntrenadorTelefono (Telefono, CURP) values ('2175101453', 'EKoe16HqLNub12');
insert into EntrenadorTelefono (Telefono, CURP) values ('4325371099', 'mMRX06HCfJQd22');
insert into EntrenadorTelefono (Telefono, CURP) values ('2418809805', 'mpFb26HQzTHf82');
insert into EntrenadorTelefono (Telefono, CURP) values ('4136194742', 'uHKV26MIZTWr82');
insert into EntrenadorTelefono (Telefono, CURP) values ('7086984907', 'vIbo06MHKouN32');
insert into EntrenadorTelefono (Telefono, CURP) values ('1186885501', 'CYHG96MBvebD02');
insert into EntrenadorTelefono (Telefono, CURP) values ('1442729175', 'VDsW96HwKyil82');
insert into EntrenadorTelefono (Telefono, CURP) values ('1314386346', 'iDTK46HvdVOo32');
insert into EntrenadorTelefono (Telefono, CURP) values ('6669290755', 'CHmW36HVnDvI92');
insert into EntrenadorTelefono (Telefono, CURP) values ('4122545461', 'JBZw06MdbxXO02');
insert into EntrenadorTelefono (Telefono, CURP) values ('9435095103', 'vaVF46MKzlEU92');
insert into EntrenadorTelefono (Telefono, CURP) values ('6966632575', 'Uagv16HonCtx22');
insert into EntrenadorTelefono (Telefono, CURP) values ('8877480877', 'hQPG06HPcKIV52');
insert into EntrenadorTelefono (Telefono, CURP) values ('8751558645', 'zvKs56MutrGp22');
insert into EntrenadorTelefono (Telefono, CURP) values ('6704403940', 'fqOe76MxILhu62');
insert into EntrenadorTelefono (Telefono, CURP) values ('4946800816', 'FDjO26MhpNde82');
insert into EntrenadorTelefono (Telefono, CURP) values ('7618005611', 'mVdD56HbolJB22');
insert into EntrenadorTelefono (Telefono, CURP) values ('7624939168', 'NYGS76HYXMit22');
insert into EntrenadorTelefono (Telefono, CURP) values ('1339573856', 'bAIP96Mcvygr02');
insert into EntrenadorTelefono (Telefono, CURP) values ('9307663843', 'jSVc66HHtsjn72');
insert into EntrenadorTelefono (Telefono, CURP) values ('7164565433', 'sbBL26HLKVPB82');
insert into EntrenadorTelefono (Telefono, CURP) values ('7105156212', 'NHPw36HRseLd02');
insert into EntrenadorTelefono (Telefono, CURP) values ('7795343599', 'GvAE86MwpUOI62');
insert into EntrenadorTelefono (Telefono, CURP) values ('2377641449', 'GPpo76HUrdwE32');
insert into EntrenadorTelefono (Telefono, CURP) values ('9745526179', 'QXAb86MGUfTQ92');
insert into EntrenadorTelefono (Telefono, CURP) values ('2972353776', 'CIye96Hhwfzx52');
insert into EntrenadorTelefono (Telefono, CURP) values ('2161909055', 'OcBd26MLAXBe52');
insert into EntrenadorTelefono (Telefono, CURP) values ('1771250486', 'wYqJ46MGNrkl62');
insert into EntrenadorTelefono (Telefono, CURP) values ('8097419380', 'ofyZ86HWcCtk82');
insert into EntrenadorTelefono (Telefono, CURP) values ('9283211925', 'IXPu36MEzbuM22');
insert into EntrenadorTelefono (Telefono, CURP) values ('1158554435', 'zavG26MrdeWR92');
insert into EntrenadorTelefono (Telefono, CURP) values ('1704338820', 'HqwI16HkrzPF02');
insert into EntrenadorTelefono (Telefono, CURP) values ('3968768167', 'suIz26HkHPsm22');
insert into EntrenadorTelefono (Telefono, CURP) values ('3338043747', 'XvsC86MIiaTe82');
insert into EntrenadorTelefono (Telefono, CURP) values ('2296432118', 'OJXf76MuyqHG92');
insert into EntrenadorTelefono (Telefono, CURP) values ('4137197128', 'ncRF86MpgBmx72');
insert into EntrenadorTelefono (Telefono, CURP) values ('5079109922', 'IXPu36MEzbuM22');
insert into EntrenadorTelefono (Telefono, CURP) values ('9403302839', 'XBMm36HUshEk22');
insert into EntrenadorTelefono (Telefono, CURP) values ('8214534333', 'wuHq36MAnVLY92');
insert into EntrenadorTelefono (Telefono, CURP) values ('1043018684', 'AeiE76MOfuRk32');
insert into EntrenadorTelefono (Telefono, CURP) values ('8072807221', 'GgJW86HznyBa12');
insert into EntrenadorTelefono (Telefono, CURP) values ('6946969771', 'dWLK16MlPfyQ32');
insert into EntrenadorTelefono (Telefono, CURP) values ('9083627129', 'LJNp66HMyvXP62');
insert into EntrenadorTelefono (Telefono, CURP) values ('8128385639', 'OcBd26MLAXBe52');
insert into EntrenadorTelefono (Telefono, CURP) values ('8053024643', 'GQxl26MhpXVB22');
insert into EntrenadorTelefono (Telefono, CURP) values ('9426745870', 'uLvW16MaZqtX62');
insert into EntrenadorTelefono (Telefono, CURP) values ('3952595056', 'NYGS76HYXMit22');
insert into EntrenadorTelefono (Telefono, CURP) values ('8327228088', 'YFOo76HiQwCc12');
insert into EntrenadorTelefono (Telefono, CURP) values ('5668897184', 'jBwo56HNdzvV42');
insert into EntrenadorTelefono (Telefono, CURP) values ('2148393016', 'DpgB56MflOJe92');
insert into EntrenadorTelefono (Telefono, CURP) values ('6953582262', 'zavG26MrdeWR92');
insert into EntrenadorTelefono (Telefono, CURP) values ('2167499378', 'gZtd16MdTehQ82');
insert into EntrenadorTelefono (Telefono, CURP) values ('4147362677', 'mVdD56HbolJB22');
insert into EntrenadorTelefono (Telefono, CURP) values ('8341244441', 'OcBd26MLAXBe52');
insert into EntrenadorTelefono (Telefono, CURP) values ('8304942443', 'EXiU66HCcaxs02');
insert into EntrenadorTelefono (Telefono, CURP) values ('3403062055', 'gwtD46HwKzID02');
insert into EntrenadorTelefono (Telefono, CURP) values ('1981712675', 'euLJ36HhmNpZ02');
insert into EntrenadorTelefono (Telefono, CURP) values ('2276469468', 'GgJW86HznyBa12');
insert into EntrenadorTelefono (Telefono, CURP) values ('5904530857', 'Kmbn96MKgaSB62');
insert into EntrenadorTelefono (Telefono, CURP) values ('2021701005', 'fUFQ16MhKXof52');
insert into EntrenadorTelefono (Telefono, CURP) values ('3886143157', 'sbBL26HLKVPB82');
insert into EntrenadorTelefono (Telefono, CURP) values ('3743657108', 'Xsjy26HFkRHf12');
insert into EntrenadorTelefono (Telefono, CURP) values ('1969661184', 'euLJ36HhmNpZ02');
insert into EntrenadorTelefono (Telefono, CURP) values ('2065572883', 'XvsC86MIiaTe82');
insert into EntrenadorTelefono (Telefono, CURP) values ('4073537174', 'bUTL66MPtHig12');
insert into EntrenadorTelefono (Telefono, CURP) values ('4497300533', 'bSTQ76HPAerS72');
insert into EntrenadorTelefono (Telefono, CURP) values ('8012886595', 'ZeLG16MJXBAM92');
insert into EntrenadorTelefono (Telefono, CURP) values ('7309867843', 'YFOo76HiQwCc12');
insert into EntrenadorTelefono (Telefono, CURP) values ('8321404450', 'OJia16HxSteA42');
insert into EntrenadorTelefono (Telefono, CURP) values ('3897229471', 'qxBI66HRgtFS82');
insert into EntrenadorTelefono (Telefono, CURP) values ('4632908208', 'YzGv26HDEQze72');
insert into EntrenadorTelefono (Telefono, CURP) values ('6141754672', 'ceAw96HjINlk32');
insert into EntrenadorTelefono (Telefono, CURP) values ('2574827998', 'hRuY36MTKBwJ32');
insert into EntrenadorTelefono (Telefono, CURP) values ('6403383501', 'KFRh66MtwKog12');
insert into EntrenadorTelefono (Telefono, CURP) values ('7963716569', 'NkUm26HzMfOt32');
insert into EntrenadorTelefono (Telefono, CURP) values ('9939892052', 'NHPw36HRseLd02');
insert into EntrenadorTelefono (Telefono, CURP) values ('7624104901', 'cXAb36MoVzMA72');
insert into EntrenadorTelefono (Telefono, CURP) values ('8189603681', 'GgJW86HznyBa12');
insert into EntrenadorTelefono (Telefono, CURP) values ('6499906536', 'MwVZ96MLHmRn02');
insert into EntrenadorTelefono (Telefono, CURP) values ('2921368828', 'mpFb26HQzTHf82');
insert into EntrenadorTelefono (Telefono, CURP) values ('6888072413', 'VcBZ96HrCvuQ72');
insert into EntrenadorTelefono (Telefono, CURP) values ('9634105897', 'okjE66HjzChy72');
insert into EntrenadorTelefono (Telefono, CURP) values ('2084940304', 'cbxU16MIcvdK82');
insert into EntrenadorTelefono (Telefono, CURP) values ('8809320161', 'fMGy46McPOsq92');
insert into EntrenadorTelefono (Telefono, CURP) values ('6868243956', 'rIyl26MZaGLD22');
insert into EntrenadorTelefono (Telefono, CURP) values ('3728553185', 'sbBL26HLKVPB82');
insert into EntrenadorTelefono (Telefono, CURP) values ('5258415785', 'BKOy96MGFnkY82');
insert into EntrenadorTelefono (Telefono, CURP) values ('6054911379', 'kiNh76MOJzZe12');
insert into EntrenadorTelefono (Telefono, CURP) values ('4974948284', 'mpFb26HQzTHf82');
insert into EntrenadorTelefono (Telefono, CURP) values ('5586127781', 'VOrT56MYxoiP32');
insert into EntrenadorTelefono (Telefono, CURP) values ('4904134240', 'sfTl66HgIRln22');
insert into EntrenadorTelefono (Telefono, CURP) values ('1264271729', 'liIm86MxOiDj42');
insert into EntrenadorTelefono (Telefono, CURP) values ('3564980377', 'itcD06MreRyH02');
insert into EntrenadorTelefono (Telefono, CURP) values ('9249444398', 'qXFi46MMglFm52');
insert into EntrenadorTelefono (Telefono, CURP) values ('6238064537', 'ofyZ86HWcCtk82');
insert into EntrenadorTelefono (Telefono, CURP) values ('4608201416', 'shCi06MKXIys82');
insert into EntrenadorTelefono (Telefono, CURP) values ('4477231595', 'uJFk86MzULvJ92');
insert into EntrenadorTelefono (Telefono, CURP) values ('3124108302', 'mMRX06HCfJQd22');
insert into EntrenadorTelefono (Telefono, CURP) values ('1205456951', 'GgJW86HznyBa12');
insert into EntrenadorTelefono (Telefono, CURP) values ('3931071025', 'dWLK16MlPfyQ32');
insert into EntrenadorTelefono (Telefono, CURP) values ('2033339377', 'VeMZ36HYvISs42');
insert into EntrenadorTelefono (Telefono, CURP) values ('6006827214', 'mpFb26HQzTHf82');
insert into EntrenadorTelefono (Telefono, CURP) values ('1021877569', 'hRuY36MTKBwJ32');
insert into EntrenadorTelefono (Telefono, CURP) values ('1551839802', 'Bheb96MleKYn62');
insert into EntrenadorTelefono (Telefono, CURP) values ('7873278848', 'zmBe96MInbtL62');
insert into EntrenadorTelefono (Telefono, CURP) values ('4829493662', 'YFOo76HiQwCc12');
insert into EntrenadorTelefono (Telefono, CURP) values ('2141312266', 'mDEb76HXNVpE22');
insert into EntrenadorTelefono (Telefono, CURP) values ('9717926822', 'CUWj56HZtUlg92');
insert into EntrenadorTelefono (Telefono, CURP) values ('7612905174', 'SwOJ16HkJRYp72');
insert into EntrenadorTelefono (Telefono, CURP) values ('4624626335', 'DXuw66MqkKdy42');
insert into EntrenadorTelefono (Telefono, CURP) values ('5577782983', 'mbAZ96HZItCR52');
insert into EntrenadorTelefono (Telefono, CURP) values ('1459553161', 'kcAo56MNkpmS42');
insert into EntrenadorTelefono (Telefono, CURP) values ('1234075442', 'iDTK46HvdVOo32');
insert into EntrenadorTelefono (Telefono, CURP) values ('9658948142', 'qxBI66HRgtFS82');
insert into EntrenadorTelefono (Telefono, CURP) values ('4633649583', 'Qzka26MbFvIA82');
insert into EntrenadorTelefono (Telefono, CURP) values ('2859264783', 'nTvh56MajPyh02');
insert into EntrenadorTelefono (Telefono, CURP) values ('8612976671', 'Bheb96MleKYn62');
insert into EntrenadorTelefono (Telefono, CURP) values ('7815082060', 'GRkK46MmXQID22');
insert into EntrenadorTelefono (Telefono, CURP) values ('2787372234', 'RkOc46HnSHiu32');
insert into EntrenadorTelefono (Telefono, CURP) values ('1412660087', 'bIcY76HtKdXh72');
insert into EntrenadorTelefono (Telefono, CURP) values ('2021763045', 'EVLZ86MqvcbW52');
insert into EntrenadorTelefono (Telefono, CURP) values ('1563417995', 'XvsC86MIiaTe82');
insert into EntrenadorTelefono (Telefono, CURP) values ('8598308095', 'ZeLG16MJXBAM92');
insert into EntrenadorTelefono (Telefono, CURP) values ('8669215707', 'iDTK46HvdVOo32');
insert into EntrenadorTelefono (Telefono, CURP) values ('1398213648', 'nJUL66MClKHV72');
insert into EntrenadorTelefono (Telefono, CURP) values ('8589374953', 'BkLM46MipHOb82');
insert into EntrenadorTelefono (Telefono, CURP) values ('7944097469', 'BqVQ96MyNPBd22');
insert into EntrenadorTelefono (Telefono, CURP) values ('7405463682', 'ecwk46HKAbHR62');
insert into EntrenadorTelefono (Telefono, CURP) values ('6713118896', 'Nnwb56MYvzgt62');
insert into EntrenadorTelefono (Telefono, CURP) values ('8019279700', 'Kmbn96MKgaSB62');
insert into EntrenadorTelefono (Telefono, CURP) values ('5502268536', 'YPCG66MedcYn32');
insert into EntrenadorTelefono (Telefono, CURP) values ('9125977376', 'rePN76HlVKgF32');
insert into EntrenadorTelefono (Telefono, CURP) values ('3024649654', 'xuWw86HWOyQD12');
insert into EntrenadorTelefono (Telefono, CURP) values ('7374857557', 'ojVM06MWakRb32');
insert into EntrenadorTelefono (Telefono, CURP) values ('8103622819', 'syDG16HaEiYk22');
insert into EntrenadorTelefono (Telefono, CURP) values ('1316998627', 'yGsL86HYfSQa62');
insert into EntrenadorTelefono (Telefono, CURP) values ('8541119911', 'ZEUa06HRHPMv92');
insert into EntrenadorTelefono (Telefono, CURP) values ('6982487684', 'zTFl76HyksKo72');
insert into EntrenadorTelefono (Telefono, CURP) values ('4178288821', 'bWoC46MdHLnb62');
insert into EntrenadorTelefono (Telefono, CURP) values ('4798043319', 'qOvc06MgLQSW22');
insert into EntrenadorTelefono (Telefono, CURP) values ('2206973712', 'QtBI86MIiwnz22');
insert into EntrenadorTelefono (Telefono, CURP) values ('5754909198', 'pvbG76HxPWAZ52');
insert into EntrenadorTelefono (Telefono, CURP) values ('5103961436', 'JnvE46MlDYkW52');
insert into EntrenadorTelefono (Telefono, CURP) values ('5898989894', 'dsJL76HfLFjE72');
insert into EntrenadorTelefono (Telefono, CURP) values ('1441476287', 'rovA96MKlSku92');
insert into EntrenadorTelefono (Telefono, CURP) values ('3983770977', 'bPiE86MKTQkw22');
insert into EntrenadorTelefono (Telefono, CURP) values ('2899252854', 'oqGC26HBqQxX72');
insert into EntrenadorTelefono (Telefono, CURP) values ('7022197550', 'Umsp56MiyNVQ92');
insert into EntrenadorTelefono (Telefono, CURP) values ('6528987886', 'djZp56MbaqPB52');
insert into EntrenadorTelefono (Telefono, CURP) values ('8426609239', 'UwNP66MhBjsr52');
insert into EntrenadorTelefono (Telefono, CURP) values ('7578893819', 'vIbo06MHKouN32');
-- EntrenadorHorario
insert into EntrenadorHorario (CURP, Dia, HoraEntrada, HoraSalida) values ('XPSq96MvNbcn32', 'Miercoles', '8:55 AM', '5:05 PM');
insert into EntrenadorHorario (CURP, Dia, HoraEntrada, HoraSalida) values ('liIm86MxOiDj42', 'Miercoles', '8:32 AM', '6:31 PM');
insert into EntrenadorHorario (CURP, Dia, HoraEntrada, HoraSalida) values ('oqGC26HBqQxX72', 'Lunes', '7:06 AM', '6:18 PM');
insert into EntrenadorHorario (CURP, Dia, HoraEntrada, HoraSalida) values ('dgQA16HPOtvw52', 'Miercoles', '12:29 PM', '3:21 PM');
insert into EntrenadorHorario (CURP, Dia, HoraEntrada, HoraSalida) values ('liIm86MxOiDj42', 'Viernes', '7:44 AM', '3:23 PM');
insert into EntrenadorHorario (CURP, Dia, HoraEntrada, HoraSalida) values ('VYDr96HRprea12', 'Jueves', '8:03 AM', '5:15 PM');
insert into EntrenadorHorario (CURP, Dia, HoraEntrada, HoraSalida) values ('MJse66HXySca52', 'Jueves', '9:53 AM', '5:44 PM');
insert into EntrenadorHorario (CURP, Dia, HoraEntrada, HoraSalida) values ('liIm86MxOiDj42', 'Viernes', '9:26 AM', '6:24 PM');
insert into EntrenadorHorario (CURP, Dia, HoraEntrada, HoraSalida) values ('dlLM36MbaByk02', 'Miercoles', '11:16 AM', '3:33 PM');
insert into EntrenadorHorario (CURP, Dia, HoraEntrada, HoraSalida) values ('TdcN16HvAENc92', 'Viernes', '9:03 AM', '8:18 PM');
insert into EntrenadorHorario (CURP, Dia, HoraEntrada, HoraSalida) values ('Odxz66HFvrPM52', 'Jueves', '10:07 AM', '6:08 PM');
insert into EntrenadorHorario (CURP, Dia, HoraEntrada, HoraSalida) values ('eBwr06MSXaZp22', 'Miercoles', '7:39 AM', '5:36 PM');
insert into EntrenadorHorario (CURP, Dia, HoraEntrada, HoraSalida) values ('qOvc06MgLQSW22', 'Sabado', '9:31 AM', '6:32 PM');
insert into EntrenadorHorario (CURP, Dia, HoraEntrada, HoraSalida) values ('GPpo76HUrdwE32', 'Martes', '7:26 AM', '5:50 PM');
insert into EntrenadorHorario (CURP, Dia, HoraEntrada, HoraSalida) values ('zUPp16MDPEVs32', 'Martes', '11:37 AM', '4:37 PM');
insert into EntrenadorHorario (CURP, Dia, HoraEntrada, HoraSalida) values ('iZyJ76MNQMwB52', 'Jueves', '12:20 PM', '8:02 PM');
insert into EntrenadorHorario (CURP, Dia, HoraEntrada, HoraSalida) values ('GXul56MGUrmP32', 'Sabado', '7:15 AM', '3:53 PM');
insert into EntrenadorHorario (CURP, Dia, HoraEntrada, HoraSalida) values ('qKNX16HTOdcH02', 'Lunes', '11:11 AM', '7:36 PM');
insert into EntrenadorHorario (CURP, Dia, HoraEntrada, HoraSalida) values ('ZeLG16MJXBAM92', 'Jueves', '9:00 AM', '6:50 PM');
insert into EntrenadorHorario (CURP, Dia, HoraEntrada, HoraSalida) values ('Yvrt56MQxOFP42', 'Sabado', '10:10 AM', '3:57 PM');
insert into EntrenadorHorario (CURP, Dia, HoraEntrada, HoraSalida) values ('mMRX06HCfJQd22', 'Martes', '10:33 AM', '8:44 PM');
insert into EntrenadorHorario (CURP, Dia, HoraEntrada, HoraSalida) values ('yvFr96HSiIYQ22', 'Martes', '10:00 AM', '4:23 PM');
insert into EntrenadorHorario (CURP, Dia, HoraEntrada, HoraSalida) values ('zmBe96MInbtL62', 'Jueves', '8:17 AM', '3:01 PM');
insert into EntrenadorHorario (CURP, Dia, HoraEntrada, HoraSalida) values ('WgCT36MHxpdb62', 'Sabado', '11:55 AM', '5:00 PM');
insert into EntrenadorHorario (CURP, Dia, HoraEntrada, HoraSalida) values ('aGcx76HLoOTa62', 'Lunes', '8:24 AM', '6:47 PM');
insert into EntrenadorHorario (CURP, Dia, HoraEntrada, HoraSalida) values ('ceAw96HjINlk32', 'Sabado', '10:27 AM', '6:23 PM');
insert into EntrenadorHorario (CURP, Dia, HoraEntrada, HoraSalida) values ('ojVM06MWakRb32', 'Martes', '10:55 AM', '8:16 PM');
insert into EntrenadorHorario (CURP, Dia, HoraEntrada, HoraSalida) values ('dgQA16HPOtvw52', 'Lunes', '7:27 AM', '5:50 PM');
insert into EntrenadorHorario (CURP, Dia, HoraEntrada, HoraSalida) values ('aGcx76HLoOTa62', 'Miercoles', '12:52 PM', '4:01 PM');
insert into EntrenadorHorario (CURP, Dia, HoraEntrada, HoraSalida) values ('eXAW36MCGNrk72', 'Jueves', '10:26 AM', '3:28 PM');
insert into EntrenadorHorario (CURP, Dia, HoraEntrada, HoraSalida) values ('urpi46MxhjGc22', 'Sabado', '11:03 AM', '7:46 PM');
insert into EntrenadorHorario (CURP, Dia, HoraEntrada, HoraSalida) values ('ceAw96HjINlk32', 'Martes', '12:07 PM', '3:17 PM');
insert into EntrenadorHorario (CURP, Dia, HoraEntrada, HoraSalida) values ('CIye96Hhwfzx52', 'Jueves', '11:30 AM', '5:54 PM');
insert into EntrenadorHorario (CURP, Dia, HoraEntrada, HoraSalida) values ('YPCG66MedcYn32', 'Sabado', '9:47 AM', '7:25 PM');
insert into EntrenadorHorario (CURP, Dia, HoraEntrada, HoraSalida) values ('SqJQ06MTsquE72', 'Lunes', '7:21 AM', '3:55 PM');
insert into EntrenadorHorario (CURP, Dia, HoraEntrada, HoraSalida) values ('GRkK46MmXQID22', 'Miercoles', '11:23 AM', '5:15 PM');
insert into EntrenadorHorario (CURP, Dia, HoraEntrada, HoraSalida) values ('mwpQ56HeOXAm02', 'Lunes', '10:28 AM', '6:19 PM');
insert into EntrenadorHorario (CURP, Dia, HoraEntrada, HoraSalida) values ('Fryq06MOTmru12', 'Sabado', '10:18 AM', '7:33 PM');
insert into EntrenadorHorario (CURP, Dia, HoraEntrada, HoraSalida) values ('suIz26HkHPsm22', 'Sabado', '8:26 AM', '6:48 PM');
insert into EntrenadorHorario (CURP, Dia, HoraEntrada, HoraSalida) values ('ncRF86MpgBmx72', 'Lunes', '12:11 PM', '8:37 PM');
insert into EntrenadorHorario (CURP, Dia, HoraEntrada, HoraSalida) values ('pknd76HSCUwc12', 'Miercoles', '8:48 AM', '7:10 PM');
insert into EntrenadorHorario (CURP, Dia, HoraEntrada, HoraSalida) values ('YJoN16HCWtLl32', 'Jueves', '8:56 AM', '5:06 PM');
insert into EntrenadorHorario (CURP, Dia, HoraEntrada, HoraSalida) values ('jBwo56HNdzvV42', 'Viernes', '7:32 AM', '6:11 PM');
insert into EntrenadorHorario (CURP, Dia, HoraEntrada, HoraSalida) values ('IUTQ96MghLaJ52', 'Martes', '8:56 AM', '5:55 PM');
insert into EntrenadorHorario (CURP, Dia, HoraEntrada, HoraSalida) values ('gQku46HfNpDi92', 'Viernes', '10:17 AM', '4:02 PM');
insert into EntrenadorHorario (CURP, Dia, HoraEntrada, HoraSalida) values ('NzoI26MRGfSj02', 'Miercoles', '11:17 AM', '3:09 PM');
insert into EntrenadorHorario (CURP, Dia, HoraEntrada, HoraSalida) values ('SwOJ16HkJRYp72', 'Viernes', '10:03 AM', '7:32 PM');
insert into EntrenadorHorario (CURP, Dia, HoraEntrada, HoraSalida) values ('UwNP66MhBjsr52', 'Sabado', '10:20 AM', '8:25 PM');
insert into EntrenadorHorario (CURP, Dia, HoraEntrada, HoraSalida) values ('lnOF96HbqQpN92', 'Lunes', '10:48 AM', '8:15 PM');
insert into EntrenadorHorario (CURP, Dia, HoraEntrada, HoraSalida) values ('MwVZ96MLHmRn02', 'Viernes', '10:35 AM', '3:41 PM');
insert into EntrenadorHorario (CURP, Dia, HoraEntrada, HoraSalida) values ('sbBL26HLKVPB82', 'Miercoles', '9:27 AM', '5:52 PM');
insert into EntrenadorHorario (CURP, Dia, HoraEntrada, HoraSalida) values ('bWoC46MdHLnb62', 'Jueves', '11:18 AM', '7:01 PM');
insert into EntrenadorHorario (CURP, Dia, HoraEntrada, HoraSalida) values ('RLHZ06MHYTmD92', 'Viernes', '9:46 AM', '6:16 PM');
insert into EntrenadorHorario (CURP, Dia, HoraEntrada, HoraSalida) values ('CYHG96MBvebD02', 'Jueves', '11:07 AM', '5:15 PM');
insert into EntrenadorHorario (CURP, Dia, HoraEntrada, HoraSalida) values ('pvbG76HxPWAZ52', 'Martes', '8:57 AM', '7:50 PM');
insert into EntrenadorHorario (CURP, Dia, HoraEntrada, HoraSalida) values ('urpi46MxhjGc22', 'Jueves', '8:36 AM', '3:28 PM');
insert into EntrenadorHorario (CURP, Dia, HoraEntrada, HoraSalida) values ('iKzS56MtKCrB22', 'Lunes', '11:35 AM', '8:16 PM');
insert into EntrenadorHorario (CURP, Dia, HoraEntrada, HoraSalida) values ('ojVM06MWakRb32', 'Martes', '11:21 AM', '8:58 PM');
insert into EntrenadorHorario (CURP, Dia, HoraEntrada, HoraSalida) values ('QXAb86MGUfTQ92', 'Sabado', '11:51 AM', '8:04 PM');
insert into EntrenadorHorario (CURP, Dia, HoraEntrada, HoraSalida) values ('xBCk26MJgnLu62', 'Jueves', '12:09 PM', '7:14 PM');
insert into EntrenadorHorario (CURP, Dia, HoraEntrada, HoraSalida) values ('bWoC46MdHLnb62', 'Martes', '12:32 PM', '8:10 PM');
insert into EntrenadorHorario (CURP, Dia, HoraEntrada, HoraSalida) values ('VcBZ96HrCvuQ72', 'Lunes', '8:27 AM', '6:57 PM');
insert into EntrenadorHorario (CURP, Dia, HoraEntrada, HoraSalida) values ('zavG26MrdeWR92', 'Viernes', '8:15 AM', '3:36 PM');
insert into EntrenadorHorario (CURP, Dia, HoraEntrada, HoraSalida) values ('IjZY16MIulZz52', 'Miercoles', '7:02 AM', '7:12 PM');
insert into EntrenadorHorario (CURP, Dia, HoraEntrada, HoraSalida) values ('drLw06HfcqhU12', 'Viernes', '8:54 AM', '4:50 PM');
insert into EntrenadorHorario (CURP, Dia, HoraEntrada, HoraSalida) values ('Zagq16HcXAju52', 'Sabado', '12:35 PM', '8:24 PM');
insert into EntrenadorHorario (CURP, Dia, HoraEntrada, HoraSalida) values ('ecwk46HKAbHR62', 'Jueves', '10:19 AM', '4:50 PM');
insert into EntrenadorHorario (CURP, Dia, HoraEntrada, HoraSalida) values ('alzo06MWHQPI42', 'Martes', '12:21 PM', '4:09 PM');
insert into EntrenadorHorario (CURP, Dia, HoraEntrada, HoraSalida) values ('qXFi46MMglFm52', 'Lunes', '11:08 AM', '5:45 PM');
insert into EntrenadorHorario (CURP, Dia, HoraEntrada, HoraSalida) values ('GrRC06MmwoRv12', 'Viernes', '9:42 AM', '4:25 PM');
insert into EntrenadorHorario (CURP, Dia, HoraEntrada, HoraSalida) values ('Dphv26MDFEbg92', 'Jueves', '12:41 PM', '6:18 PM');
insert into EntrenadorHorario (CURP, Dia, HoraEntrada, HoraSalida) values ('fqOe76MxILhu62', 'Viernes', '8:46 AM', '5:54 PM');
insert into EntrenadorHorario (CURP, Dia, HoraEntrada, HoraSalida) values ('HheE46MeQhoK52', 'Martes', '9:27 AM', '7:02 PM');
insert into EntrenadorHorario (CURP, Dia, HoraEntrada, HoraSalida) values ('iDTK46HvdVOo32', 'Jueves', '9:50 AM', '5:41 PM');
insert into EntrenadorHorario (CURP, Dia, HoraEntrada, HoraSalida) values ('dewE86MkiAPy92', 'Sabado', '11:23 AM', '6:14 PM');
insert into EntrenadorHorario (CURP, Dia, HoraEntrada, HoraSalida) values ('KSlj56HQvmsb32', 'Sabado', '9:22 AM', '3:48 PM');
insert into EntrenadorHorario (CURP, Dia, HoraEntrada, HoraSalida) values ('WRAJ16HJroYL52', 'Viernes', '7:18 AM', '8:48 PM');
insert into EntrenadorHorario (CURP, Dia, HoraEntrada, HoraSalida) values ('iZyJ76MNQMwB52', 'Miercoles', '8:22 AM', '8:17 PM');
insert into EntrenadorHorario (CURP, Dia, HoraEntrada, HoraSalida) values ('TdcN16HvAENc92', 'Lunes', '7:02 AM', '5:52 PM');
insert into EntrenadorHorario (CURP, Dia, HoraEntrada, HoraSalida) values ('iFYh76MtqxLP72', 'Miercoles', '11:56 AM', '7:12 PM');
insert into EntrenadorHorario (CURP, Dia, HoraEntrada, HoraSalida) values ('HwdS06HipWZf02', 'Miercoles', '7:45 AM', '3:49 PM');
insert into EntrenadorHorario (CURP, Dia, HoraEntrada, HoraSalida) values ('nJUL66MClKHV72', 'Sabado', '12:40 PM', '6:30 PM');
insert into EntrenadorHorario (CURP, Dia, HoraEntrada, HoraSalida) values ('mpFb26HQzTHf82', 'Miercoles', '10:38 AM', '5:07 PM');
insert into EntrenadorHorario (CURP, Dia, HoraEntrada, HoraSalida) values ('KxUf46HPdzOt62', 'Lunes', '9:15 AM', '4:02 PM');
insert into EntrenadorHorario (CURP, Dia, HoraEntrada, HoraSalida) values ('shCi06MKXIys82', 'Martes', '12:53 PM', '8:55 PM');
insert into EntrenadorHorario (CURP, Dia, HoraEntrada, HoraSalida) values ('MKoC76MrIQPd02', 'Viernes', '9:35 AM', '5:05 PM');
insert into EntrenadorHorario (CURP, Dia, HoraEntrada, HoraSalida) values ('LfKw96HGxoHZ52', 'Lunes', '7:31 AM', '3:22 PM');
insert into EntrenadorHorario (CURP, Dia, HoraEntrada, HoraSalida) values ('AUib86HHMNIj62', 'Miercoles', '9:13 AM', '8:06 PM');
insert into EntrenadorHorario (CURP, Dia, HoraEntrada, HoraSalida) values ('OPGV56McbjIr82', 'Martes', '10:07 AM', '4:00 PM');
insert into EntrenadorHorario (CURP, Dia, HoraEntrada, HoraSalida) values ('VcBZ96HrCvuQ72', 'Viernes', '9:36 AM', '7:25 PM');
insert into EntrenadorHorario (CURP, Dia, HoraEntrada, HoraSalida) values ('kiNh76MOJzZe12', 'Lunes', '11:19 AM', '3:19 PM');
insert into EntrenadorHorario (CURP, Dia, HoraEntrada, HoraSalida) values ('mDEb76HXNVpE22', 'Miercoles', '12:25 PM', '5:11 PM');
insert into EntrenadorHorario (CURP, Dia, HoraEntrada, HoraSalida) values ('vHfK16HvqFwI82', 'Lunes', '10:13 AM', '6:44 PM');
insert into EntrenadorHorario (CURP, Dia, HoraEntrada, HoraSalida) values ('uHKV26MIZTWr82', 'Viernes', '7:41 AM', '7:50 PM');
insert into EntrenadorHorario (CURP, Dia, HoraEntrada, HoraSalida) values ('MQjt66HsXipU02', 'Miercoles', '12:02 PM', '7:49 PM');
insert into EntrenadorHorario (CURP, Dia, HoraEntrada, HoraSalida) values ('RkOc46HnSHiu32', 'Sabado', '7:52 AM', '8:56 PM');
insert into EntrenadorHorario (CURP, Dia, HoraEntrada, HoraSalida) values ('RLHZ06MHYTmD92', 'Martes', '7:46 AM', '5:12 PM');
insert into EntrenadorHorario (CURP, Dia, HoraEntrada, HoraSalida) values ('SwOJ16HkJRYp72', 'Lunes', '12:23 PM', '3:23 PM');
insert into EntrenadorHorario (CURP, Dia, HoraEntrada, HoraSalida) values ('mVdD56HbolJB22', 'Martes', '8:14 AM', '4:39 PM');
insert into EntrenadorHorario (CURP, Dia, HoraEntrada, HoraSalida) values ('utUx36HcjHKC82', 'Viernes', '10:11 AM', '4:49 PM');
insert into EntrenadorHorario (CURP, Dia, HoraEntrada, HoraSalida) values ('NzoI26MRGfSj02', 'Miercoles', '11:33 AM', '4:42 PM');
insert into EntrenadorHorario (CURP, Dia, HoraEntrada, HoraSalida) values ('bUTL66MPtHig12', 'Sabado', '12:46 PM', '7:23 PM');
insert into EntrenadorHorario (CURP, Dia, HoraEntrada, HoraSalida) values ('BXoC56HZUfKH62', 'Sabado', '10:48 AM', '7:02 PM');
insert into EntrenadorHorario (CURP, Dia, HoraEntrada, HoraSalida) values ('vbna76MJviVD92', 'Miercoles', '11:41 AM', '7:31 PM');
insert into EntrenadorHorario (CURP, Dia, HoraEntrada, HoraSalida) values ('LQbs46MXsBhp72', 'Jueves', '8:45 AM', '5:59 PM');
insert into EntrenadorHorario (CURP, Dia, HoraEntrada, HoraSalida) values ('DXuw66MqkKdy42', 'Jueves', '12:05 PM', '8:55 PM');
insert into EntrenadorHorario (CURP, Dia, HoraEntrada, HoraSalida) values ('euLJ36HhmNpZ02', 'Lunes', '11:50 AM', '3:18 PM');
insert into EntrenadorHorario (CURP, Dia, HoraEntrada, HoraSalida) values ('ZbYI36MFoWCK22', 'Jueves', '8:13 AM', '4:08 PM');
insert into EntrenadorHorario (CURP, Dia, HoraEntrada, HoraSalida) values ('CHmW36HVnDvI92', 'Jueves', '11:40 AM', '6:50 PM');
insert into EntrenadorHorario (CURP, Dia, HoraEntrada, HoraSalida) values ('Kmbn96MKgaSB62', 'Martes', '7:31 AM', '4:58 PM');
insert into EntrenadorHorario (CURP, Dia, HoraEntrada, HoraSalida) values ('fqkn76HjvCVg72', 'Miercoles', '7:27 AM', '5:06 PM');
insert into EntrenadorHorario (CURP, Dia, HoraEntrada, HoraSalida) values ('Alzt56HvXKTW32', 'Miercoles', '9:18 AM', '5:02 PM');
insert into EntrenadorHorario (CURP, Dia, HoraEntrada, HoraSalida) values ('cGFH46MaMNRy12', 'Viernes', '12:52 PM', '8:03 PM');
insert into EntrenadorHorario (CURP, Dia, HoraEntrada, HoraSalida) values ('jYly26HCSglv12', 'Martes', '9:16 AM', '3:10 PM');
insert into EntrenadorHorario (CURP, Dia, HoraEntrada, HoraSalida) values ('xuWw86HWOyQD12', 'Viernes', '7:45 AM', '5:07 PM');
insert into EntrenadorHorario (CURP, Dia, HoraEntrada, HoraSalida) values ('dewE86MkiAPy92', 'Miercoles', '7:16 AM', '7:31 PM');
insert into EntrenadorHorario (CURP, Dia, HoraEntrada, HoraSalida) values ('AeiE76MOfuRk32', 'Miercoles', '10:31 AM', '4:51 PM');
insert into EntrenadorHorario (CURP, Dia, HoraEntrada, HoraSalida) values ('kcAo56MNkpmS42', 'Lunes', '12:49 PM', '8:38 PM');
insert into EntrenadorHorario (CURP, Dia, HoraEntrada, HoraSalida) values ('HEAY96MulbBM42', 'Viernes', '7:58 AM', '8:06 PM');
insert into EntrenadorHorario (CURP, Dia, HoraEntrada, HoraSalida) values ('dgQA16HPOtvw52', 'Jueves', '7:42 AM', '7:58 PM');
insert into EntrenadorHorario (CURP, Dia, HoraEntrada, HoraSalida) values ('tQrF46HKzUEj02', 'Martes', '11:12 AM', '4:35 PM');
insert into EntrenadorHorario (CURP, Dia, HoraEntrada, HoraSalida) values ('QtBI86MIiwnz22', 'Lunes', '11:28 AM', '7:15 PM');
insert into EntrenadorHorario (CURP, Dia, HoraEntrada, HoraSalida) values ('MHlf36MYABpX22', 'Miercoles', '8:56 AM', '6:44 PM');
insert into EntrenadorHorario (CURP, Dia, HoraEntrada, HoraSalida) values ('rmHS96HUjQKf22', 'Sabado', '11:07 AM', '3:24 PM');
insert into EntrenadorHorario (CURP, Dia, HoraEntrada, HoraSalida) values ('vaVF46MKzlEU92', 'Sabado', '9:16 AM', '7:43 PM');
insert into EntrenadorHorario (CURP, Dia, HoraEntrada, HoraSalida) values ('PcTJ76HlAbDx62', 'Lunes', '10:57 AM', '4:32 PM');
insert into EntrenadorHorario (CURP, Dia, HoraEntrada, HoraSalida) values ('BkLM46MipHOb82', 'Jueves', '7:13 AM', '5:39 PM');
insert into EntrenadorHorario (CURP, Dia, HoraEntrada, HoraSalida) values ('Qzka26MbFvIA82', 'Lunes', '7:51 AM', '6:46 PM');
insert into EntrenadorHorario (CURP, Dia, HoraEntrada, HoraSalida) values ('eflk46HzZRGi72', 'Martes', '7:34 AM', '8:13 PM');
insert into EntrenadorHorario (CURP, Dia, HoraEntrada, HoraSalida) values ('DbKa66MMxmTR22', 'Lunes', '11:41 AM', '4:31 PM');
insert into EntrenadorHorario (CURP, Dia, HoraEntrada, HoraSalida) values ('dlLM36MbaByk02', 'Viernes', '9:07 AM', '7:50 PM');
insert into EntrenadorHorario (CURP, Dia, HoraEntrada, HoraSalida) values ('IXPu36MEzbuM22', 'Viernes', '9:51 AM', '6:27 PM');
insert into EntrenadorHorario (CURP, Dia, HoraEntrada, HoraSalida) values ('AeiE76MOfuRk32', 'Miercoles', '8:10 AM', '6:55 PM');
insert into EntrenadorHorario (CURP, Dia, HoraEntrada, HoraSalida) values ('wuHq36MAnVLY92', 'Martes', '11:09 AM', '6:15 PM');
insert into EntrenadorHorario (CURP, Dia, HoraEntrada, HoraSalida) values ('AUib86HHMNIj62', 'Lunes', '9:12 AM', '8:03 PM');
insert into EntrenadorHorario (CURP, Dia, HoraEntrada, HoraSalida) values ('eBwr06MSXaZp22', 'Lunes', '9:35 AM', '3:07 PM');
insert into EntrenadorHorario (CURP, Dia, HoraEntrada, HoraSalida) values ('nTvh56MajPyh02', 'Miercoles', '12:50 PM', '3:13 PM');
insert into EntrenadorHorario (CURP, Dia, HoraEntrada, HoraSalida) values ('XWdg96HQfbXz32', 'Martes', '9:40 AM', '6:13 PM');
insert into EntrenadorHorario (CURP, Dia, HoraEntrada, HoraSalida) values ('jBwo56HNdzvV42', 'Miercoles', '10:59 AM', '6:33 PM');
insert into EntrenadorHorario (CURP, Dia, HoraEntrada, HoraSalida) values ('vIbo06MHKouN32', 'Viernes', '7:06 AM', '5:48 PM');
insert into EntrenadorHorario (CURP, Dia, HoraEntrada, HoraSalida) values ('UdBG16McxgeX82', 'Sabado', '11:32 AM', '6:07 PM');
insert into EntrenadorHorario (CURP, Dia, HoraEntrada, HoraSalida) values ('NzoI26MRGfSj02', 'Sabado', '10:08 AM', '3:25 PM');
insert into EntrenadorHorario (CURP, Dia, HoraEntrada, HoraSalida) values ('TSpu96HPGjFm72', 'Miercoles', '8:04 AM', '8:27 PM');
insert into EntrenadorHorario (CURP, Dia, HoraEntrada, HoraSalida) values ('PcTJ76HlAbDx62', 'Jueves', '12:23 PM', '8:03 PM');
insert into EntrenadorHorario (CURP, Dia, HoraEntrada, HoraSalida) values ('IUTQ96MghLaJ52', 'Jueves', '9:49 AM', '6:08 PM');
insert into EntrenadorHorario (CURP, Dia, HoraEntrada, HoraSalida) values ('ZbYI36MFoWCK22', 'Viernes', '9:38 AM', '8:08 PM');
insert into EntrenadorHorario (CURP, Dia, HoraEntrada, HoraSalida) values ('qKNX16HTOdcH02', 'Viernes', '8:16 AM', '8:12 PM');
insert into EntrenadorHorario (CURP, Dia, HoraEntrada, HoraSalida) values ('kTrW36MGJeWk32', 'Viernes', '10:55 AM', '3:58 PM');
insert into EntrenadorHorario (CURP, Dia, HoraEntrada, HoraSalida) values ('syDG16HaEiYk22', 'Sabado', '12:12 PM', '5:58 PM');
insert into EntrenadorHorario (CURP, Dia, HoraEntrada, HoraSalida) values ('CWIz66MtzWIj82', 'Martes', '7:15 AM', '7:00 PM');
insert into EntrenadorHorario (CURP, Dia, HoraEntrada, HoraSalida) values ('Fryq06MOTmru12', 'Jueves', '10:11 AM', '8:08 PM');
insert into EntrenadorHorario (CURP, Dia, HoraEntrada, HoraSalida) values ('Umsp56MiyNVQ92', 'Jueves', '7:22 AM', '7:59 PM');
insert into EntrenadorHorario (CURP, Dia, HoraEntrada, HoraSalida) values ('qOvc06MgLQSW22', 'Martes', '7:34 AM', '4:24 PM');
insert into EntrenadorHorario (CURP, Dia, HoraEntrada, HoraSalida) values ('qXFi46MMglFm52', 'Miercoles', '12:07 PM', '4:26 PM');
insert into EntrenadorHorario (CURP, Dia, HoraEntrada, HoraSalida) values ('dWLK16MlPfyQ32', 'Martes', '8:08 AM', '3:25 PM');
insert into EntrenadorHorario (CURP, Dia, HoraEntrada, HoraSalida) values ('PcTJ76HlAbDx62', 'Miercoles', '11:05 AM', '3:42 PM');
insert into EntrenadorHorario (CURP, Dia, HoraEntrada, HoraSalida) values ('Qzka26MbFvIA82', 'Miercoles', '8:27 AM', '4:31 PM');
insert into EntrenadorHorario (CURP, Dia, HoraEntrada, HoraSalida) values ('KehV76MGWyzq02', 'Lunes', '12:56 PM', '4:17 PM');
insert into EntrenadorHorario (CURP, Dia, HoraEntrada, HoraSalida) values ('mcPN66HOQciT32', 'Martes', '9:05 AM', '4:00 PM');
insert into EntrenadorHorario (CURP, Dia, HoraEntrada, HoraSalida) values ('kiNh76MOJzZe12', 'Viernes', '11:55 AM', '7:23 PM');
insert into EntrenadorHorario (CURP, Dia, HoraEntrada, HoraSalida) values ('PcTJ76HlAbDx62', 'Sabado', '12:34 PM', '3:56 PM');
insert into EntrenadorHorario (CURP, Dia, HoraEntrada, HoraSalida) values ('iZyJ76MNQMwB52', 'Viernes', '7:27 AM', '3:51 PM');
insert into EntrenadorHorario (CURP, Dia, HoraEntrada, HoraSalida) values ('ZEUa06HRHPMv92', 'Martes', '12:36 PM', '8:35 PM');
insert into EntrenadorHorario (CURP, Dia, HoraEntrada, HoraSalida) values ('KFRh66MtwKog12', 'Miercoles', '8:20 AM', '5:51 PM');
insert into EntrenadorHorario (CURP, Dia, HoraEntrada, HoraSalida) values ('Nnwb56MYvzgt62', 'Lunes', '12:26 PM', '5:08 PM');
insert into EntrenadorHorario (CURP, Dia, HoraEntrada, HoraSalida) values ('SwOJ16HkJRYp72', 'Lunes', '9:28 AM', '4:24 PM');
insert into EntrenadorHorario (CURP, Dia, HoraEntrada, HoraSalida) values ('alzo06MWHQPI42', 'Martes', '7:38 AM', '7:45 PM');
insert into EntrenadorHorario (CURP, Dia, HoraEntrada, HoraSalida) values ('lRPF16HoTIpO02', 'Viernes', '7:27 AM', '7:29 PM');
insert into EntrenadorHorario (CURP, Dia, HoraEntrada, HoraSalida) values ('tQrF46HKzUEj02', 'Martes', '8:10 AM', '8:06 PM');
insert into EntrenadorHorario (CURP, Dia, HoraEntrada, HoraSalida) values ('pvbG76HxPWAZ52', 'Jueves', '10:57 AM', '7:19 PM');
insert into EntrenadorHorario (CURP, Dia, HoraEntrada, HoraSalida) values ('fljM76HkPiCe02', 'Lunes', '7:48 AM', '6:16 PM');
insert into EntrenadorHorario (CURP, Dia, HoraEntrada, HoraSalida) values ('hQPG06HPcKIV52', 'Miercoles', '9:06 AM', '3:58 PM');
insert into EntrenadorHorario (CURP, Dia, HoraEntrada, HoraSalida) values ('gQku46HfNpDi92', 'Martes', '12:52 PM', '6:26 PM');
insert into EntrenadorHorario (CURP, Dia, HoraEntrada, HoraSalida) values ('jzcZ86HDUoFk92', 'Sabado', '10:15 AM', '4:08 PM');
insert into EntrenadorHorario (CURP, Dia, HoraEntrada, HoraSalida) values ('zmBe96MInbtL62', 'Miercoles', '7:56 AM', '8:21 PM');
insert into EntrenadorHorario (CURP, Dia, HoraEntrada, HoraSalida) values ('HwdS06HipWZf02', 'Sabado', '9:24 AM', '5:34 PM');
insert into EntrenadorHorario (CURP, Dia, HoraEntrada, HoraSalida) values ('EVLZ86MqvcbW52', 'Miercoles', '9:22 AM', '5:04 PM');
insert into EntrenadorHorario (CURP, Dia, HoraEntrada, HoraSalida) values ('vFcS46MbhfwD72', 'Lunes', '7:46 AM', '4:48 PM');
insert into EntrenadorHorario (CURP, Dia, HoraEntrada, HoraSalida) values ('RDsV86MnuvhA42', 'Viernes', '11:54 AM', '4:49 PM');
insert into EntrenadorHorario (CURP, Dia, HoraEntrada, HoraSalida) values ('Dphv26MDFEbg92', 'Miercoles', '7:02 AM', '3:34 PM');
insert into EntrenadorHorario (CURP, Dia, HoraEntrada, HoraSalida) values ('UBct96HTVqbf12', 'Sabado', '7:54 AM', '8:38 PM');
insert into EntrenadorHorario (CURP, Dia, HoraEntrada, HoraSalida) values ('sqTi26HOBAVT02', 'Miercoles', '11:10 AM', '4:33 PM');
insert into EntrenadorHorario (CURP, Dia, HoraEntrada, HoraSalida) values ('krLa76MnOGhZ42', 'Lunes', '12:32 PM', '8:34 PM');
insert into EntrenadorHorario (CURP, Dia, HoraEntrada, HoraSalida) values ('rIyl26MZaGLD22', 'Miercoles', '9:34 AM', '7:56 PM');
insert into EntrenadorHorario (CURP, Dia, HoraEntrada, HoraSalida) values ('UvLI36HzOQSy42', 'Martes', '12:58 PM', '7:47 PM');
insert into EntrenadorHorario (CURP, Dia, HoraEntrada, HoraSalida) values ('iUQk66HnTimP42', 'Sabado', '11:04 AM', '5:15 PM');
insert into EntrenadorHorario (CURP, Dia, HoraEntrada, HoraSalida) values ('sLWm26HtpZub12', 'Sabado', '12:08 PM', '4:18 PM');
insert into EntrenadorHorario (CURP, Dia, HoraEntrada, HoraSalida) values ('OJXf76MuyqHG92', 'Miercoles', '11:56 AM', '5:16 PM');
insert into EntrenadorHorario (CURP, Dia, HoraEntrada, HoraSalida) values ('dsJL76HfLFjE72', 'Miercoles', '7:10 AM', '5:22 PM');
insert into EntrenadorHorario (CURP, Dia, HoraEntrada, HoraSalida) values ('RLHZ06MHYTmD92', 'Jueves', '7:05 AM', '8:33 PM');
insert into EntrenadorHorario (CURP, Dia, HoraEntrada, HoraSalida) values ('NzoI26MRGfSj02', 'Martes', '9:05 AM', '6:45 PM');
insert into EntrenadorHorario (CURP, Dia, HoraEntrada, HoraSalida) values ('ZKhs56HFiszo82', 'Miercoles', '9:22 AM', '3:10 PM');
insert into EntrenadorHorario (CURP, Dia, HoraEntrada, HoraSalida) values ('WUdh46HZWodp32', 'Martes', '10:52 AM', '4:54 PM');
insert into EntrenadorHorario (CURP, Dia, HoraEntrada, HoraSalida) values ('gQku46HfNpDi92', 'Viernes', '12:31 PM', '3:16 PM');
insert into EntrenadorHorario (CURP, Dia, HoraEntrada, HoraSalida) values ('fMGy46McPOsq92', 'Jueves', '10:29 AM', '8:25 PM');
insert into EntrenadorHorario (CURP, Dia, HoraEntrada, HoraSalida) values ('BXoC56HZUfKH62', 'Lunes', '9:36 AM', '8:13 PM');
insert into EntrenadorHorario (CURP, Dia, HoraEntrada, HoraSalida) values ('PcTJ76HlAbDx62', 'Jueves', '12:52 PM', '4:33 PM');
insert into EntrenadorHorario (CURP, Dia, HoraEntrada, HoraSalida) values ('QXAb86MGUfTQ92', 'Miercoles', '12:28 PM', '8:46 PM');
insert into EntrenadorHorario (CURP, Dia, HoraEntrada, HoraSalida) values ('iIPJ16HQDOto22', 'Viernes', '8:48 AM', '5:00 PM');
insert into EntrenadorHorario (CURP, Dia, HoraEntrada, HoraSalida) values ('JnvE46MlDYkW52', 'Jueves', '10:33 AM', '5:08 PM');
insert into EntrenadorHorario (CURP, Dia, HoraEntrada, HoraSalida) values ('uVmX06MWHSrI92', 'Martes', '12:32 PM', '4:34 PM');
insert into EntrenadorHorario (CURP, Dia, HoraEntrada, HoraSalida) values ('DbKa66MMxmTR22', 'Jueves', '8:36 AM', '5:05 PM');
insert into EntrenadorHorario (CURP, Dia, HoraEntrada, HoraSalida) values ('vbna76MJviVD92', 'Viernes', '12:56 PM', '8:33 PM');
insert into EntrenadorHorario (CURP, Dia, HoraEntrada, HoraSalida) values ('Kazm36HOFSbs82', 'Lunes', '7:19 AM', '3:01 PM');
insert into EntrenadorHorario (CURP, Dia, HoraEntrada, HoraSalida) values ('TqaQ06HDTjfN02', 'Jueves', '11:54 AM', '6:16 PM');
insert into EntrenadorHorario (CURP, Dia, HoraEntrada, HoraSalida) values ('vWMg76MIEOeU02', 'Viernes', '8:38 AM', '4:59 PM');
insert into EntrenadorHorario (CURP, Dia, HoraEntrada, HoraSalida) values ('HSvn46MtNeaX52', 'Miercoles', '10:41 AM', '7:11 PM');
insert into EntrenadorHorario (CURP, Dia, HoraEntrada, HoraSalida) values ('VOrT56MYxoiP32', 'Sabado', '12:11 PM', '7:58 PM');
insert into EntrenadorHorario (CURP, Dia, HoraEntrada, HoraSalida) values ('bpZK56MTsfNm32', 'Lunes', '8:55 AM', '5:31 PM');
insert into EntrenadorHorario (CURP, Dia, HoraEntrada, HoraSalida) values ('XWdg96HQfbXz32', 'Lunes', '7:42 AM', '4:07 PM');
insert into EntrenadorHorario (CURP, Dia, HoraEntrada, HoraSalida) values ('fMGy46McPOsq92', 'Jueves', '7:56 AM', '7:35 PM');
insert into EntrenadorHorario (CURP, Dia, HoraEntrada, HoraSalida) values ('zTFl76HyksKo72', 'Miercoles', '11:05 AM', '8:44 PM');
insert into EntrenadorHorario (CURP, Dia, HoraEntrada, HoraSalida) values ('jBwo56HNdzvV42', 'Miercoles', '10:50 AM', '5:01 PM');
insert into EntrenadorHorario (CURP, Dia, HoraEntrada, HoraSalida) values ('Bheb96MleKYn62', 'Sabado', '8:33 AM', '6:23 PM');
insert into EntrenadorHorario (CURP, Dia, HoraEntrada, HoraSalida) values ('dWLK16MlPfyQ32', 'Martes', '7:59 AM', '3:36 PM');
insert into EntrenadorHorario (CURP, Dia, HoraEntrada, HoraSalida) values ('Kazm36HOFSbs82', 'Martes', '9:45 AM', '5:02 PM');
insert into EntrenadorHorario (CURP, Dia, HoraEntrada, HoraSalida) values ('Icbj86MjuVYQ02', 'Miercoles', '9:10 AM', '7:02 PM');
insert into EntrenadorHorario (CURP, Dia, HoraEntrada, HoraSalida) values ('suIz26HkHPsm22', 'Sabado', '8:32 AM', '6:50 PM');
insert into EntrenadorHorario (CURP, Dia, HoraEntrada, HoraSalida) values ('woQW56HJKeil02', 'Lunes', '10:34 AM', '4:45 PM');
insert into EntrenadorHorario (CURP, Dia, HoraEntrada, HoraSalida) values ('VYDr96HRprea12', 'Lunes', '11:54 AM', '3:24 PM');
insert into EntrenadorHorario (CURP, Dia, HoraEntrada, HoraSalida) values ('ItEr36MIXLzY72', 'Sabado', '10:17 AM', '7:37 PM');
insert into EntrenadorHorario (CURP, Dia, HoraEntrada, HoraSalida) values ('xBCk26MJgnLu62', 'Viernes', '12:30 PM', '6:35 PM');
insert into EntrenadorHorario (CURP, Dia, HoraEntrada, HoraSalida) values ('Xfmv66MAOzsB22', 'Martes', '9:11 AM', '5:56 PM');
insert into EntrenadorHorario (CURP, Dia, HoraEntrada, HoraSalida) values ('GXul56MGUrmP32', 'Jueves', '9:09 AM', '4:29 PM');
insert into EntrenadorHorario (CURP, Dia, HoraEntrada, HoraSalida) values ('RLHZ06MHYTmD92', 'Miercoles', '10:51 AM', '6:58 PM');
insert into EntrenadorHorario (CURP, Dia, HoraEntrada, HoraSalida) values ('miZg86MStiFm02', 'Miercoles', '8:17 AM', '5:53 PM');
insert into EntrenadorHorario (CURP, Dia, HoraEntrada, HoraSalida) values ('Xsjy26HFkRHf12', 'Sabado', '8:39 AM', '7:32 PM');
insert into EntrenadorHorario (CURP, Dia, HoraEntrada, HoraSalida) values ('ZEUa06HRHPMv92', 'Miercoles', '12:29 PM', '3:47 PM');
insert into EntrenadorHorario (CURP, Dia, HoraEntrada, HoraSalida) values ('NmIa66MMoOTq12', 'Viernes', '11:33 AM', '4:41 PM');
insert into EntrenadorHorario (CURP, Dia, HoraEntrada, HoraSalida) values ('uJFk86MzULvJ92', 'Martes', '8:49 AM', '4:06 PM');
insert into EntrenadorHorario (CURP, Dia, HoraEntrada, HoraSalida) values ('Kmbn96MKgaSB62', 'Sabado', '9:00 AM', '8:39 PM');
insert into EntrenadorHorario (CURP, Dia, HoraEntrada, HoraSalida) values ('jBwo56HNdzvV42', 'Miercoles', '9:26 AM', '6:30 PM');
insert into EntrenadorHorario (CURP, Dia, HoraEntrada, HoraSalida) values ('SwOJ16HkJRYp72', 'Sabado', '12:18 PM', '6:22 PM');
insert into EntrenadorHorario (CURP, Dia, HoraEntrada, HoraSalida) values ('BkLM46MipHOb82', 'Lunes', '11:33 AM', '7:43 PM');
insert into EntrenadorHorario (CURP, Dia, HoraEntrada, HoraSalida) values ('DCXI86MZWRcl02', 'Lunes', '11:08 AM', '5:46 PM');
insert into EntrenadorHorario (CURP, Dia, HoraEntrada, HoraSalida) values ('IjZY16MIulZz52', 'Jueves', '9:26 AM', '6:17 PM');
insert into EntrenadorHorario (CURP, Dia, HoraEntrada, HoraSalida) values ('pvbG76HxPWAZ52', 'Lunes', '9:18 AM', '4:07 PM');
insert into EntrenadorHorario (CURP, Dia, HoraEntrada, HoraSalida) values ('QXAb86MGUfTQ92', 'Viernes', '10:10 AM', '5:04 PM');
insert into EntrenadorHorario (CURP, Dia, HoraEntrada, HoraSalida) values ('UvLI36HzOQSy42', 'Lunes', '7:18 AM', '3:00 PM');
insert into EntrenadorHorario (CURP, Dia, HoraEntrada, HoraSalida) values ('MJse66HXySca52', 'Sabado', '11:49 AM', '3:48 PM');
insert into EntrenadorHorario (CURP, Dia, HoraEntrada, HoraSalida) values ('SqJQ06MTsquE72', 'Martes', '9:27 AM', '3:26 PM');
insert into EntrenadorHorario (CURP, Dia, HoraEntrada, HoraSalida) values ('VeMZ36HYvISs42', 'Miercoles', '11:02 AM', '4:22 PM');
insert into EntrenadorHorario (CURP, Dia, HoraEntrada, HoraSalida) values ('Icbj86MjuVYQ02', 'Lunes', '8:01 AM', '6:32 PM');
insert into EntrenadorHorario (CURP, Dia, HoraEntrada, HoraSalida) values ('EXiU66HCcaxs02', 'Viernes', '8:31 AM', '5:55 PM');
insert into EntrenadorHorario (CURP, Dia, HoraEntrada, HoraSalida) values ('fqkn76HjvCVg72', 'Viernes', '9:34 AM', '7:10 PM');
insert into EntrenadorHorario (CURP, Dia, HoraEntrada, HoraSalida) values ('PDUo16MXjGMl02', 'Martes', '11:09 AM', '8:26 PM');
insert into EntrenadorHorario (CURP, Dia, HoraEntrada, HoraSalida) values ('KCoS86HgAfxH02', 'Martes', '8:48 AM', '5:37 PM');
insert into EntrenadorHorario (CURP, Dia, HoraEntrada, HoraSalida) values ('bvnX46HgdzOf12', 'Miercoles', '12:55 PM', '8:00 PM');
insert into EntrenadorHorario (CURP, Dia, HoraEntrada, HoraSalida) values ('sqTi26HOBAVT02', 'Sabado', '7:08 AM', '6:40 PM');
insert into EntrenadorHorario (CURP, Dia, HoraEntrada, HoraSalida) values ('qxBI66HRgtFS82', 'Miercoles', '10:45 AM', '4:20 PM');
insert into EntrenadorHorario (CURP, Dia, HoraEntrada, HoraSalida) values ('XWdg96HQfbXz32', 'Sabado', '9:25 AM', '7:36 PM');
insert into EntrenadorHorario (CURP, Dia, HoraEntrada, HoraSalida) values ('RLHZ06MHYTmD92', 'Miercoles', '9:38 AM', '4:21 PM');
insert into EntrenadorHorario (CURP, Dia, HoraEntrada, HoraSalida) values ('UdBG16McxgeX82', 'Jueves', '7:48 AM', '6:42 PM');
insert into EntrenadorHorario (CURP, Dia, HoraEntrada, HoraSalida) values ('mbAZ96HZItCR52', 'Miercoles', '10:04 AM', '4:34 PM');
insert into EntrenadorHorario (CURP, Dia, HoraEntrada, HoraSalida) values ('zmBe96MInbtL62', 'Miercoles', '11:47 AM', '6:42 PM');
insert into EntrenadorHorario (CURP, Dia, HoraEntrada, HoraSalida) values ('XtsA46MdXHJc32', 'Jueves', '10:56 AM', '4:34 PM');
insert into EntrenadorHorario (CURP, Dia, HoraEntrada, HoraSalida) values ('dVXj76MLDjBw22', 'Martes', '9:00 AM', '6:15 PM');
insert into EntrenadorHorario (CURP, Dia, HoraEntrada, HoraSalida) values ('gwJn16MMJCEq12', 'Viernes', '9:55 AM', '5:56 PM');
insert into EntrenadorHorario (CURP, Dia, HoraEntrada, HoraSalida) values ('Umsp56MiyNVQ92', 'Miercoles', '8:15 AM', '5:33 PM');
insert into EntrenadorHorario (CURP, Dia, HoraEntrada, HoraSalida) values ('ujlM76MWSqhK62', 'Jueves', '11:52 AM', '7:40 PM');
insert into EntrenadorHorario (CURP, Dia, HoraEntrada, HoraSalida) values ('GQxl26MhpXVB22', 'Miercoles', '8:31 AM', '6:19 PM');
insert into EntrenadorHorario (CURP, Dia, HoraEntrada, HoraSalida) values ('dxHM36HtXDOT12', 'Miercoles', '9:17 AM', '8:16 PM');
insert into EntrenadorHorario (CURP, Dia, HoraEntrada, HoraSalida) values ('mpFb26HQzTHf82', 'Viernes', '10:26 AM', '7:41 PM');
insert into EntrenadorHorario (CURP, Dia, HoraEntrada, HoraSalida) values ('jBwo56HNdzvV42', 'Lunes', '8:40 AM', '7:56 PM');
insert into EntrenadorHorario (CURP, Dia, HoraEntrada, HoraSalida) values ('XvsC86MIiaTe82', 'Lunes', '7:00 AM', '3:28 PM');
insert into EntrenadorHorario (CURP, Dia, HoraEntrada, HoraSalida) values ('uBnF66MAUVGo72', 'Sabado', '12:32 PM', '7:55 PM');
insert into EntrenadorHorario (CURP, Dia, HoraEntrada, HoraSalida) values ('vIbo06MHKouN32', 'Jueves', '7:45 AM', '4:10 PM');
insert into EntrenadorHorario (CURP, Dia, HoraEntrada, HoraSalida) values ('WRAJ16HJroYL52', 'Viernes', '12:43 PM', '3:36 PM');
insert into EntrenadorHorario (CURP, Dia, HoraEntrada, HoraSalida) values ('FDjO26MhpNde82', 'Lunes', '7:00 AM', '7:56 PM');
insert into EntrenadorHorario (CURP, Dia, HoraEntrada, HoraSalida) values ('EVLZ86MqvcbW52', 'Jueves', '8:55 AM', '5:49 PM');
insert into EntrenadorHorario (CURP, Dia, HoraEntrada, HoraSalida) values ('upPc26MpxEHT42', 'Sabado', '8:54 AM', '7:50 PM');
insert into EntrenadorHorario (CURP, Dia, HoraEntrada, HoraSalida) values ('zUPp16MDPEVs32', 'Miercoles', '8:40 AM', '3:00 PM');
insert into EntrenadorHorario (CURP, Dia, HoraEntrada, HoraSalida) values ('QXAb86MGUfTQ92', 'Martes', '12:21 PM', '8:30 PM');
insert into EntrenadorHorario (CURP, Dia, HoraEntrada, HoraSalida) values ('VbCu36HSJdcV92', 'Jueves', '8:07 AM', '3:33 PM');
insert into EntrenadorHorario (CURP, Dia, HoraEntrada, HoraSalida) values ('TqaQ06HDTjfN02', 'Lunes', '10:28 AM', '4:06 PM');
insert into EntrenadorHorario (CURP, Dia, HoraEntrada, HoraSalida) values ('vWMg76MIEOeU02', 'Viernes', '8:05 AM', '7:40 PM');
insert into EntrenadorHorario (CURP, Dia, HoraEntrada, HoraSalida) values ('utUx36HcjHKC82', 'Viernes', '11:42 AM', '3:38 PM');
insert into EntrenadorHorario (CURP, Dia, HoraEntrada, HoraSalida) values ('UvLI36HzOQSy42', 'Jueves', '8:06 AM', '8:17 PM');
insert into EntrenadorHorario (CURP, Dia, HoraEntrada, HoraSalida) values ('vlaV46HzpuYV12', 'Sabado', '8:38 AM', '3:20 PM');
insert into EntrenadorHorario (CURP, Dia, HoraEntrada, HoraSalida) values ('QgdD26HArMPD02', 'Martes', '9:04 AM', '8:40 PM');
insert into EntrenadorHorario (CURP, Dia, HoraEntrada, HoraSalida) values ('zmBe96MInbtL62', 'Viernes', '10:51 AM', '8:07 PM');
insert into EntrenadorHorario (CURP, Dia, HoraEntrada, HoraSalida) values ('AeiE76MOfuRk32', 'Sabado', '10:30 AM', '5:18 PM');
insert into EntrenadorHorario (CURP, Dia, HoraEntrada, HoraSalida) values ('HwiF86MmzLNa32', 'Lunes', '12:18 PM', '6:34 PM');
insert into EntrenadorHorario (CURP, Dia, HoraEntrada, HoraSalida) values ('uLvW16MaZqtX62', 'Martes', '8:50 AM', '7:20 PM');
insert into EntrenadorHorario (CURP, Dia, HoraEntrada, HoraSalida) values ('nJUL66MClKHV72', 'Viernes', '8:39 AM', '4:56 PM');
insert into EntrenadorHorario (CURP, Dia, HoraEntrada, HoraSalida) values ('zcIN26MzqrBk12', 'Sabado', '9:44 AM', '5:00 PM');
insert into EntrenadorHorario (CURP, Dia, HoraEntrada, HoraSalida) values ('NZBQ46HCJQMk52', 'Miercoles', '9:33 AM', '6:35 PM');
insert into EntrenadorHorario (CURP, Dia, HoraEntrada, HoraSalida) values ('gwtD46HwKzID02', 'Jueves', '11:09 AM', '5:09 PM');
insert into EntrenadorHorario (CURP, Dia, HoraEntrada, HoraSalida) values ('NmIa66MMoOTq12', 'Viernes', '10:39 AM', '8:26 PM');
insert into EntrenadorHorario (CURP, Dia, HoraEntrada, HoraSalida) values ('LQbs46MXsBhp72', 'Miercoles', '9:25 AM', '5:34 PM');
insert into EntrenadorHorario (CURP, Dia, HoraEntrada, HoraSalida) values ('pvbG76HxPWAZ52', 'Miercoles', '9:58 AM', '6:49 PM');
insert into EntrenadorHorario (CURP, Dia, HoraEntrada, HoraSalida) values ('Hjos36MXqUJC32', 'Lunes', '10:19 AM', '3:45 PM');
insert into EntrenadorHorario (CURP, Dia, HoraEntrada, HoraSalida) values ('bPiE86MKTQkw22', 'Lunes', '12:15 PM', '3:02 PM');
insert into EntrenadorHorario (CURP, Dia, HoraEntrada, HoraSalida) values ('CUWj56HZtUlg92', 'Miercoles', '10:38 AM', '5:49 PM');
insert into EntrenadorHorario (CURP, Dia, HoraEntrada, HoraSalida) values ('AUib86HHMNIj62', 'Miercoles', '8:28 AM', '4:18 PM');
insert into EntrenadorHorario (CURP, Dia, HoraEntrada, HoraSalida) values ('lEUn66MIWjaL82', 'Miercoles', '9:55 AM', '5:19 PM');
insert into EntrenadorHorario (CURP, Dia, HoraEntrada, HoraSalida) values ('fMGy46McPOsq92', 'Sabado', '10:34 AM', '6:36 PM');
insert into EntrenadorHorario (CURP, Dia, HoraEntrada, HoraSalida) values ('RkOc46HnSHiu32', 'Viernes', '12:13 PM', '7:42 PM');
insert into EntrenadorHorario (CURP, Dia, HoraEntrada, HoraSalida) values ('ZjJH46MIVgmJ02', 'Lunes', '9:56 AM', '3:03 PM');
insert into EntrenadorHorario (CURP, Dia, HoraEntrada, HoraSalida) values ('sLWm26HtpZub12', 'Sabado', '7:29 AM', '7:19 PM');
insert into EntrenadorHorario (CURP, Dia, HoraEntrada, HoraSalida) values ('NHPw36HRseLd02', 'Martes', '11:51 AM', '4:46 PM');
insert into EntrenadorHorario (CURP, Dia, HoraEntrada, HoraSalida) values ('Alzt56HvXKTW32', 'Viernes', '9:26 AM', '7:33 PM');
insert into EntrenadorHorario (CURP, Dia, HoraEntrada, HoraSalida) values ('yvFr96HSiIYQ22', 'Sabado', '7:16 AM', '6:33 PM');
insert into EntrenadorHorario (CURP, Dia, HoraEntrada, HoraSalida) values ('vaVF46MKzlEU92', 'Viernes', '8:19 AM', '3:41 PM');
insert into EntrenadorHorario (CURP, Dia, HoraEntrada, HoraSalida) values ('DbKa66MMxmTR22', 'Lunes', '7:06 AM', '7:48 PM');
insert into EntrenadorHorario (CURP, Dia, HoraEntrada, HoraSalida) values ('yGsL86HYfSQa62', 'Lunes', '11:24 AM', '6:07 PM');
insert into EntrenadorHorario (CURP, Dia, HoraEntrada, HoraSalida) values ('mVdD56HbolJB22', 'Viernes', '11:32 AM', '4:38 PM');
insert into EntrenadorHorario (CURP, Dia, HoraEntrada, HoraSalida) values ('iZyJ76MNQMwB52', 'Lunes', '7:16 AM', '7:53 PM');
insert into EntrenadorHorario (CURP, Dia, HoraEntrada, HoraSalida) values ('eBwr06MSXaZp22', 'Martes', '8:58 AM', '4:57 PM');
insert into EntrenadorHorario (CURP, Dia, HoraEntrada, HoraSalida) values ('koEz36HZJqXQ42', 'Miercoles', '10:44 AM', '6:35 PM');
insert into EntrenadorHorario (CURP, Dia, HoraEntrada, HoraSalida) values ('zavG26MrdeWR92', 'Martes', '10:35 AM', '5:30 PM');
insert into EntrenadorHorario (CURP, Dia, HoraEntrada, HoraSalida) values ('FDjO26MhpNde82', 'Lunes', '12:23 PM', '8:11 PM');
insert into EntrenadorHorario (CURP, Dia, HoraEntrada, HoraSalida) values ('Xfmv66MAOzsB22', 'Viernes', '7:59 AM', '3:07 PM');
insert into EntrenadorHorario (CURP, Dia, HoraEntrada, HoraSalida) values ('cGFH46MaMNRy12', 'Lunes', '10:23 AM', '6:54 PM');
insert into EntrenadorHorario (CURP, Dia, HoraEntrada, HoraSalida) values ('KCoS86HgAfxH02', 'Jueves', '9:34 AM', '3:45 PM');
insert into EntrenadorHorario (CURP, Dia, HoraEntrada, HoraSalida) values ('kEFj56MNuXxR02', 'Martes', '10:18 AM', '4:12 PM');
insert into EntrenadorHorario (CURP, Dia, HoraEntrada, HoraSalida) values ('RBMY76HmQPry52', 'Martes', '11:06 AM', '5:36 PM');
insert into EntrenadorHorario (CURP, Dia, HoraEntrada, HoraSalida) values ('zUPp16MDPEVs32', 'Jueves', '7:31 AM', '4:07 PM');
insert into EntrenadorHorario (CURP, Dia, HoraEntrada, HoraSalida) values ('zTFl76HyksKo72', 'Lunes', '11:13 AM', '4:39 PM');
insert into EntrenadorHorario (CURP, Dia, HoraEntrada, HoraSalida) values ('GRkK46MmXQID22', 'Miercoles', '8:08 AM', '7:32 PM');
insert into EntrenadorHorario (CURP, Dia, HoraEntrada, HoraSalida) values ('LfKw96HGxoHZ52', 'Viernes', '7:05 AM', '5:55 PM');
insert into EntrenadorHorario (CURP, Dia, HoraEntrada, HoraSalida) values ('mbAZ96HZItCR52', 'Sabado', '10:28 AM', '8:47 PM');
insert into EntrenadorHorario (CURP, Dia, HoraEntrada, HoraSalida) values ('GgJW86HznyBa12', 'Jueves', '8:33 AM', '4:43 PM');
insert into EntrenadorHorario (CURP, Dia, HoraEntrada, HoraSalida) values ('pknd76HSCUwc12', 'Viernes', '11:01 AM', '7:42 PM');
insert into EntrenadorHorario (CURP, Dia, HoraEntrada, HoraSalida) values ('gwtD46HwKzID02', 'Miercoles', '9:38 AM', '6:34 PM');
insert into EntrenadorHorario (CURP, Dia, HoraEntrada, HoraSalida) values ('uHKV26MIZTWr82', 'Jueves', '12:20 PM', '6:49 PM');
insert into EntrenadorHorario (CURP, Dia, HoraEntrada, HoraSalida) values ('GrRC06MmwoRv12', 'Jueves', '10:05 AM', '7:49 PM');
insert into EntrenadorHorario (CURP, Dia, HoraEntrada, HoraSalida) values ('ujlM76MWSqhK62', 'Lunes', '11:57 AM', '7:11 PM');
insert into EntrenadorHorario (CURP, Dia, HoraEntrada, HoraSalida) values ('EtwC96HdZuHb92', 'Viernes', '11:43 AM', '7:33 PM');
insert into EntrenadorHorario (CURP, Dia, HoraEntrada, HoraSalida) values ('djZp56MbaqPB52', 'Viernes', '8:10 AM', '5:21 PM');
insert into EntrenadorHorario (CURP, Dia, HoraEntrada, HoraSalida) values ('jzcZ86HDUoFk92', 'Martes', '8:26 AM', '5:02 PM');
insert into EntrenadorHorario (CURP, Dia, HoraEntrada, HoraSalida) values ('jYly26HCSglv12', 'Miercoles', '11:33 AM', '6:00 PM');
insert into EntrenadorHorario (CURP, Dia, HoraEntrada, HoraSalida) values ('oRDF86HWtUcp22', 'Miercoles', '9:58 AM', '3:11 PM');
insert into EntrenadorHorario (CURP, Dia, HoraEntrada, HoraSalida) values ('eXAW36MCGNrk72', 'Martes', '8:28 AM', '4:11 PM');
insert into EntrenadorHorario (CURP, Dia, HoraEntrada, HoraSalida) values ('sbBL26HLKVPB82', 'Miercoles', '7:47 AM', '6:29 PM');
insert into EntrenadorHorario (CURP, Dia, HoraEntrada, HoraSalida) values ('utUx36HcjHKC82', 'Jueves', '8:58 AM', '7:53 PM');
insert into EntrenadorHorario (CURP, Dia, HoraEntrada, HoraSalida) values ('uHKV26MIZTWr82', 'Miercoles', '9:50 AM', '7:50 PM');
insert into EntrenadorHorario (CURP, Dia, HoraEntrada, HoraSalida) values ('EKoe16HqLNub12', 'Jueves', '10:44 AM', '3:45 PM');
insert into EntrenadorHorario (CURP, Dia, HoraEntrada, HoraSalida) values ('GgJW86HznyBa12', 'Jueves', '9:19 AM', '5:18 PM');
insert into EntrenadorHorario (CURP, Dia, HoraEntrada, HoraSalida) values ('VOrT56MYxoiP32', 'Jueves', '11:33 AM', '3:58 PM');
insert into EntrenadorHorario (CURP, Dia, HoraEntrada, HoraSalida) values ('vFcS46MbhfwD72', 'Sabado', '9:33 AM', '5:38 PM');
insert into EntrenadorHorario (CURP, Dia, HoraEntrada, HoraSalida) values ('vbna76MJviVD92', 'Miercoles', '11:39 AM', '7:58 PM');
insert into EntrenadorHorario (CURP, Dia, HoraEntrada, HoraSalida) values ('fljM76HkPiCe02', 'Lunes', '8:52 AM', '7:41 PM');
insert into EntrenadorHorario (CURP, Dia, HoraEntrada, HoraSalida) values ('xuWw86HWOyQD12', 'Jueves', '11:25 AM', '8:10 PM');
insert into EntrenadorHorario (CURP, Dia, HoraEntrada, HoraSalida) values ('IXPu36MEzbuM22', 'Viernes', '7:43 AM', '3:23 PM');
insert into EntrenadorHorario (CURP, Dia, HoraEntrada, HoraSalida) values ('vaVF46MKzlEU92', 'Martes', '7:20 AM', '8:23 PM');
insert into EntrenadorHorario (CURP, Dia, HoraEntrada, HoraSalida) values ('GrRC06MmwoRv12', 'Martes', '12:47 PM', '5:34 PM');
insert into EntrenadorHorario (CURP, Dia, HoraEntrada, HoraSalida) values ('AfWh46HqFWnU22', 'Jueves', '7:48 AM', '7:00 PM');
insert into EntrenadorHorario (CURP, Dia, HoraEntrada, HoraSalida) values ('Xfmv66MAOzsB22', 'Jueves', '9:14 AM', '6:41 PM');
insert into EntrenadorHorario (CURP, Dia, HoraEntrada, HoraSalida) values ('ItEr36MIXLzY72', 'Jueves', '12:17 PM', '6:38 PM');
insert into EntrenadorHorario (CURP, Dia, HoraEntrada, HoraSalida) values ('LQbs46MXsBhp72', 'Jueves', '12:07 PM', '4:38 PM');
insert into EntrenadorHorario (CURP, Dia, HoraEntrada, HoraSalida) values ('alzo06MWHQPI42', 'Viernes', '7:02 AM', '7:16 PM');
insert into EntrenadorHorario (CURP, Dia, HoraEntrada, HoraSalida) values ('QAbU56HvPtLO22', 'Sabado', '8:48 AM', '6:18 PM');
insert into EntrenadorHorario (CURP, Dia, HoraEntrada, HoraSalida) values ('miZg86MStiFm02', 'Martes', '9:37 AM', '8:56 PM');
insert into EntrenadorHorario (CURP, Dia, HoraEntrada, HoraSalida) values ('dxHM36HtXDOT12', 'Martes', '11:28 AM', '5:33 PM');
insert into EntrenadorHorario (CURP, Dia, HoraEntrada, HoraSalida) values ('CUWj56HZtUlg92', 'Lunes', '7:14 AM', '4:02 PM');
insert into EntrenadorHorario (CURP, Dia, HoraEntrada, HoraSalida) values ('hRuY36MTKBwJ32', 'Miercoles', '8:17 AM', '5:48 PM');
insert into EntrenadorHorario (CURP, Dia, HoraEntrada, HoraSalida) values ('BkLM46MipHOb82', 'Sabado', '10:02 AM', '6:04 PM');
insert into EntrenadorHorario (CURP, Dia, HoraEntrada, HoraSalida) values ('itcD06MreRyH02', 'Viernes', '8:19 AM', '5:14 PM');
insert into EntrenadorHorario (CURP, Dia, HoraEntrada, HoraSalida) values ('euLJ36HhmNpZ02', 'Lunes', '7:18 AM', '7:39 PM');
insert into EntrenadorHorario (CURP, Dia, HoraEntrada, HoraSalida) values ('TaYV86MFtzCh32', 'Sabado', '9:36 AM', '4:15 PM');
insert into EntrenadorHorario (CURP, Dia, HoraEntrada, HoraSalida) values ('czus86MUxYgp52', 'Viernes', '12:18 PM', '6:24 PM');
insert into EntrenadorHorario (CURP, Dia, HoraEntrada, HoraSalida) values ('DXuw66MqkKdy42', 'Martes', '11:13 AM', '6:44 PM');
insert into EntrenadorHorario (CURP, Dia, HoraEntrada, HoraSalida) values ('bSTQ76HPAerS72', 'Miercoles', '12:29 PM', '5:37 PM');
insert into EntrenadorHorario (CURP, Dia, HoraEntrada, HoraSalida) values ('nTvh56MajPyh02', 'Sabado', '8:44 AM', '7:24 PM');
insert into EntrenadorHorario (CURP, Dia, HoraEntrada, HoraSalida) values ('vapA26MYnHQL72', 'Martes', '9:35 AM', '8:27 PM');
insert into EntrenadorHorario (CURP, Dia, HoraEntrada, HoraSalida) values ('koEz36HZJqXQ42', 'Viernes', '8:50 AM', '3:41 PM');
insert into EntrenadorHorario (CURP, Dia, HoraEntrada, HoraSalida) values ('CIye96Hhwfzx52', 'Viernes', '9:17 AM', '3:32 PM');
insert into EntrenadorHorario (CURP, Dia, HoraEntrada, HoraSalida) values ('JBZw06MdbxXO02', 'Jueves', '7:05 AM', '6:15 PM');
insert into EntrenadorHorario (CURP, Dia, HoraEntrada, HoraSalida) values ('Xsjy26HFkRHf12', 'Sabado', '7:55 AM', '5:25 PM');
insert into EntrenadorHorario (CURP, Dia, HoraEntrada, HoraSalida) values ('bSTQ76HPAerS72', 'Jueves', '10:35 AM', '5:09 PM');
insert into EntrenadorHorario (CURP, Dia, HoraEntrada, HoraSalida) values ('iIPJ16HQDOto22', 'Miercoles', '11:19 AM', '8:24 PM');
insert into EntrenadorHorario (CURP, Dia, HoraEntrada, HoraSalida) values ('EtwC96HdZuHb92', 'Lunes', '12:58 PM', '5:45 PM');
insert into EntrenadorHorario (CURP, Dia, HoraEntrada, HoraSalida) values ('drLw06HfcqhU12', 'Martes', '10:16 AM', '3:42 PM');
insert into EntrenadorHorario (CURP, Dia, HoraEntrada, HoraSalida) values ('OcBd26MLAXBe52', 'Viernes', '7:24 AM', '4:10 PM');
insert into EntrenadorHorario (CURP, Dia, HoraEntrada, HoraSalida) values ('IUTQ96MghLaJ52', 'Sabado', '12:31 PM', '6:50 PM');
insert into EntrenadorHorario (CURP, Dia, HoraEntrada, HoraSalida) values ('kiNh76MOJzZe12', 'Miercoles', '11:37 AM', '5:42 PM');
insert into EntrenadorHorario (CURP, Dia, HoraEntrada, HoraSalida) values ('zUFm16HNOTug42', 'Miercoles', '8:24 AM', '5:35 PM');
insert into EntrenadorHorario (CURP, Dia, HoraEntrada, HoraSalida) values ('cGFH46MaMNRy12', 'Miercoles', '8:21 AM', '8:22 PM');
insert into EntrenadorHorario (CURP, Dia, HoraEntrada, HoraSalida) values ('kiNh76MOJzZe12', 'Miercoles', '9:36 AM', '6:11 PM');
insert into EntrenadorHorario (CURP, Dia, HoraEntrada, HoraSalida) values ('dWER16MQINDu82', 'Viernes', '9:14 AM', '6:26 PM');
insert into EntrenadorHorario (CURP, Dia, HoraEntrada, HoraSalida) values ('BkLM46MipHOb82', 'Viernes', '10:05 AM', '4:39 PM');
insert into EntrenadorHorario (CURP, Dia, HoraEntrada, HoraSalida) values ('DpgB56MflOJe92', 'Lunes', '12:45 PM', '3:51 PM');
-- Estacion
insert into Estacion (Mouse, Teclado, Headset, IdSala) values ('c0e68a71-4585-4a45-9cf9-52cb8ebe95ae', '674fd09b-9c78-463f-996e-d07b9769fb0f', 'fc51f898-1afe-4717-bdca-4735d4e98052', 492);
insert into Estacion (Mouse, Teclado, Headset, IdSala) values ('030cad82-712a-4fb8-ab0a-ce5e64a1f851', 'ffd2ac40-a87c-4895-b8d7-2337e096e284', 'e4eebcc8-bf32-41f3-8989-135b5a3dc559', 391);
insert into Estacion (Mouse, Teclado, Headset, IdSala) values ('5bfabab5-0e30-4e4d-bb88-cd398460bd54', '4739262e-4071-42f7-a35c-3ab1f627716e', 'b1c5c2eb-8d53-4069-b3fd-6ef8ca70eea7', 377);
insert into Estacion (Mouse, Teclado, Headset, IdSala) values ('a6226022-3fa5-4ac2-a355-4600603a46e3', '8b0bbfb4-9123-45e8-9039-220506d9f9e3', '763e6898-3ba0-49a7-b431-a4162d826884', 449);
insert into Estacion (Mouse, Teclado, Headset, IdSala) values ('0cb21032-8b71-4a7b-9701-ade6794598d9', '0f5e1e4d-3a36-475f-84a1-1c75efd29c37', 'eb47993c-5eb8-4f72-b882-09659549948f', 496);
insert into Estacion (Mouse, Teclado, Headset, IdSala) values ('fb015336-9165-4a18-a9e5-de47c237ea3b', '1a30a545-081f-45f5-a06a-d92dd7a5a86e', 'c9a0de11-c07f-4652-a22f-ab6f984205b8', 506);
insert into Estacion (Mouse, Teclado, Headset, IdSala) values ('0979ea67-0586-4c83-b950-001ce0e35e31', '08576fd8-2902-456e-9db2-f6744a0233f7', '50c41eda-f3e9-424f-b269-f5ee2b54664a', 299);
insert into Estacion (Mouse, Teclado, Headset, IdSala) values ('6be31ca1-cdc8-417a-a526-7e817a041bf6', '844b104b-9359-46c4-ad81-00f631b80af4', 'cf64a1bf-e4b8-4cda-af6e-1f08441d6bdf', 196);
insert into Estacion (Mouse, Teclado, Headset, IdSala) values ('71c88fb9-85fe-4b98-911d-ea63abd3793c', '2201b6e9-3cfc-47cd-9777-d13a0e1eb965', '041f50fa-b9bd-401d-b155-ea75b6afe01b', 334);
insert into Estacion (Mouse, Teclado, Headset, IdSala) values ('f79758cd-03cf-4695-baf6-9efdbc692edb', 'fe513d05-464e-438a-b088-32bef22f333a', '9d79290e-9d8c-45cc-8a74-cfc5a8f4bd8f', 155);
insert into Estacion (Mouse, Teclado, Headset, IdSala) values ('8aa61bbe-f56a-495f-bc3b-257da8f48ef0', '4dff854e-0641-46c9-80fc-25156d075efe', 'c2cafb0b-0835-4825-bf19-29a193ef5b3e', 594);
insert into Estacion (Mouse, Teclado, Headset, IdSala) values ('132f44b6-3ec1-417d-8e34-369228f85c46', 'd67a75aa-f4ce-436f-adfc-a11792f9ccba', '5d0bd27e-9cf2-4e84-a69c-fcf06ef32b27', 456);
insert into Estacion (Mouse, Teclado, Headset, IdSala) values ('2ebcc7d6-f6e9-4404-85cc-74b61e75f1ec', 'd4702355-04ed-49be-9970-000483daf29e', 'd40102c9-56a7-4f40-9e96-0483333be123', 325);
insert into Estacion (Mouse, Teclado, Headset, IdSala) values ('4caf76de-7a03-43d6-bb3a-8a327e427c4b', '10afe2ad-96ff-4aaa-a7c6-426dbf25361a', '6f3b75fb-26d4-4831-adb5-57b93e0c8339', 496);
insert into Estacion (Mouse, Teclado, Headset, IdSala) values ('481a243d-a37a-42ce-9b4d-a057dea7fbd1', '111b9ae1-7d72-4f0a-837c-6753aba49c36', '3413482e-cc58-491a-af91-0aad9b6af348', 534);
insert into Estacion (Mouse, Teclado, Headset, IdSala) values ('92a1e55b-6a55-4eb9-a063-26cf07062406', 'e2454836-4a49-4fb9-9901-0ae7c556042d', '27a7bbf1-c018-4992-b045-4e8ab9b11839', 178);
insert into Estacion (Mouse, Teclado, Headset, IdSala) values ('bc5670c6-daae-46dd-a52c-4411be93e713', 'eaeeec72-80c3-4874-a260-676b0cf38e2f', 'efd142f2-8be4-472e-898b-7225bbbd4120', 93);
insert into Estacion (Mouse, Teclado, Headset, IdSala) values ('c10c4186-bab2-4d20-ad78-ea627ff192fe', '21fd32ac-e943-42f0-9309-ee2a27b2c268', '82a057d0-a998-4afd-bb20-8d72021c530b', 183);
insert into Estacion (Mouse, Teclado, Headset, IdSala) values ('ab4cf8d9-fbe9-4289-98ef-304ee5cc9249', '2c92e0a7-9a70-44f4-abd5-6a3257d7869e', 'cd491a47-5096-40ef-b384-2ddf5ffef398', 83);
insert into Estacion (Mouse, Teclado, Headset, IdSala) values ('e1451834-31de-4a74-bbe8-04cacb7f8580', 'ba0a0377-4bf4-449f-9a74-76eccc4033d4', 'f19b6af0-c588-499b-9a92-1b7e22d9b432', 423);
insert into Estacion (Mouse, Teclado, Headset, IdSala) values ('0e43837f-0003-48fa-9e4f-9a3a593d9899', '2566b93c-6efc-485f-95b3-4fac5d350323', 'a1a7e3b0-81d6-42e1-93a3-5d527e7473db', 363);
insert into Estacion (Mouse, Teclado, Headset, IdSala) values ('450e5134-2577-4d17-a8ee-75c29804991f', '7a8dd400-f044-4af8-86b6-12b4f5e6cb55', '9e749b9f-4046-44df-a834-548c9099d295', 140);
insert into Estacion (Mouse, Teclado, Headset, IdSala) values ('085dcf4f-9bf4-47cc-8303-db80aab879b7', 'c3fe42a4-653f-4a25-b08a-8998f2994318', 'e40246b0-a47d-4b2d-be69-d262f3ea4a7a', 339);
insert into Estacion (Mouse, Teclado, Headset, IdSala) values ('e54218f1-ec09-410d-b183-f3094d1cdc30', '7d0a5d89-434b-4ae4-a707-d938e5325bdd', 'd85a805e-4ee5-4ffd-a06d-c81a05ed2cfe', 488);
insert into Estacion (Mouse, Teclado, Headset, IdSala) values ('fcbbbe6a-955d-4bc9-96fb-6f59b5a515d0', '2df9b1e6-2f00-452f-891a-198feb5bdaf7', 'ee1bec4c-a804-488e-91bd-1e8461d95580', 31);
insert into Estacion (Mouse, Teclado, Headset, IdSala) values ('eeede0cf-0beb-49e1-b51f-d7e5f4dda5e5', '35258cd1-da25-4a6b-b79d-7f24b55b3857', '69e9341a-014d-4079-bf0d-01a538a34c48', 242);
insert into Estacion (Mouse, Teclado, Headset, IdSala) values ('b657d594-1bfb-42bc-8a7b-6a09dc945ebc', 'ab62ef2b-c01e-49ae-a9db-b5ad598b11fc', '8359fed3-7379-46dd-a286-00261303bbab', 291);
insert into Estacion (Mouse, Teclado, Headset, IdSala) values ('5372f39f-c365-407a-ba92-e8b15b454de2', '7d4ffd24-e548-4b8c-8996-3edee13e33f9', '52a2742f-0001-481a-8b03-1e200b7b92ce', 426);
insert into Estacion (Mouse, Teclado, Headset, IdSala) values ('f40266ee-c87f-47a3-9608-b5893c6a7c2e', '5f41ef43-9a28-4c48-b767-33fc028e3a1b', '5b41f39d-f939-486b-85b0-15744fb43387', 543);
insert into Estacion (Mouse, Teclado, Headset, IdSala) values ('14d05904-0a78-4d66-b0e6-dc240bed515a', '12b7c9ff-6523-4cdb-a21e-50ab298ac05c', '6d2d9f67-19f3-4200-bcf9-0f25487720ea', 206);
insert into Estacion (Mouse, Teclado, Headset, IdSala) values ('ae742e14-97ae-4091-9956-94a9a9cefcbf', '5c9a1d69-bf37-46cb-b1a6-bafcdd87eb44', '3cc83115-1ee8-4885-ad07-021e63f15f45', 43);
insert into Estacion (Mouse, Teclado, Headset, IdSala) values ('34eae4b1-9974-445c-8ab3-39628958529f', '15d072cf-900a-4440-87e7-abbd8d1a38aa', 'c8637ef3-2676-45a8-b9d4-782dfb8f78fd', 422);
insert into Estacion (Mouse, Teclado, Headset, IdSala) values ('78c284d4-347e-4d12-ad4f-8656004f3674', '3e8bc710-ea30-4ca7-b4d0-3565ce5d20c0', '06f57182-9f49-4d0f-92b0-23f9eeb98af9', 351);
insert into Estacion (Mouse, Teclado, Headset, IdSala) values ('a68f6beb-df78-4c8c-9bdc-6ebaf5a6f4fb', '8ee45436-2af4-44b4-97cf-b75cb33a8451', '5345d4c0-3f3c-4fda-a205-200d23c83028', 352);
insert into Estacion (Mouse, Teclado, Headset, IdSala) values ('44c09ca4-cf11-4c9f-9392-01a95556032d', 'bd06e77c-54d4-4362-ae48-78b8645837dd', 'bc3db6bf-2c3b-4c38-8a85-07e7fa345a90', 279);
insert into Estacion (Mouse, Teclado, Headset, IdSala) values ('fbaa6a80-4c8e-42f9-909c-6d79a99b1550', '34085bf8-05b2-4c6b-8641-6766b997bc55', 'cfad0221-12c3-4618-bf71-3ed39e1dcc6f', 60);
insert into Estacion (Mouse, Teclado, Headset, IdSala) values ('22921175-bc77-478d-9721-3a7265651d9f', '695ff989-8aa1-43dd-9bb8-cfb52353007a', '2bb88420-ae5a-4465-9a5f-0e3a3a996f57', 319);
insert into Estacion (Mouse, Teclado, Headset, IdSala) values ('3cbf5918-cec1-418f-8d36-ca4527ec1f24', '0323817d-6d4f-4fb3-adba-0dcc11ca42d6', '4111b8fe-2102-44ae-ba0b-a72d9c1867c7', 217);
insert into Estacion (Mouse, Teclado, Headset, IdSala) values ('2c0eb9f2-5138-4ca1-933d-8e4ffeabc4ac', 'f1ce04b5-c6c1-4702-913e-0f1811af410f', '23c878d5-c583-4ea5-b5b4-3910b62f3d96', 141);
insert into Estacion (Mouse, Teclado, Headset, IdSala) values ('ed31c474-37fc-4110-a2a5-c689df02f2d2', '2385869f-67a8-4ae2-b674-87c5a26a4796', 'db323b39-359e-4929-acec-f725f0b711e3', 201);
insert into Estacion (Mouse, Teclado, Headset, IdSala) values ('c09f990d-3a32-4409-9fef-e8e80680894c', '43805621-d3bf-4c84-b147-e5aaca511941', '3e78040d-d0ad-488d-a904-926e3edcd0e6', 490);
insert into Estacion (Mouse, Teclado, Headset, IdSala) values ('aed78b35-4783-4c0b-a17f-6112207a3c20', '99c40c54-5676-4a76-b860-04b77b437bb8', '3b0396e7-9257-4b34-869e-53bb8d3e6cdf', 83);
insert into Estacion (Mouse, Teclado, Headset, IdSala) values ('c601f0d6-df52-4e8e-b60b-5a50c6d4fd18', 'b9d776d6-94ee-430d-bf0c-09fac89a997b', '9223f7ab-373d-4067-a503-d4557639f9c0', 528);
insert into Estacion (Mouse, Teclado, Headset, IdSala) values ('f96cb7db-60a7-4f68-a1f1-3af4068ff374', '4340a505-bd92-4cf1-878a-84ea61ccdd1d', '592a228f-2d6e-4120-83cc-ee66536320ca', 406);
insert into Estacion (Mouse, Teclado, Headset, IdSala) values ('54e752b0-a6a9-444e-a23d-ce8b8288f298', '6cd34e7c-46ca-401d-a8b1-187e033af53c', 'c6d596ed-7b95-414c-b744-52f29debe3f5', 446);
insert into Estacion (Mouse, Teclado, Headset, IdSala) values ('383e6ea0-2f6f-49a1-913a-d48ea32cdc34', '5c67609f-8ef8-418b-aff5-e0cd8d2ba7ff', '74cbceaf-0a40-4d97-8501-93e05323e647', 97);
insert into Estacion (Mouse, Teclado, Headset, IdSala) values ('d724137f-d254-4b5e-8c65-7c12e0f834a7', 'da399e26-abcf-4191-9ca1-bdec7665188d', '4f54ca06-5575-4e9f-9b59-2c11568d725e', 551);
insert into Estacion (Mouse, Teclado, Headset, IdSala) values ('b7a69b24-6d86-463c-8b12-e038ed273f19', '2edb0474-fceb-4931-a111-31dfb75f7799', '6afddf9d-1811-4f27-82e3-18bee66869be', 146);
insert into Estacion (Mouse, Teclado, Headset, IdSala) values ('ad1e0f8a-c330-4e37-8087-1a2c72cb7a22', '06c91bf1-329f-4159-ad74-a2b7f3bf2184', '7c8def02-a553-4273-ac85-cde9749aa2f3', 426);
insert into Estacion (Mouse, Teclado, Headset, IdSala) values ('6968c1f9-1925-4be6-b858-2b9b196c82e9', '65519916-5b56-4ee7-a5a4-71694fd6ff96', '7950eb17-c176-4e97-9315-fe324aa4ba90', 196);
insert into Estacion (Mouse, Teclado, Headset, IdSala) values ('699ac7d4-10ea-4fe6-bb52-17fe24594a74', '7b9f95e3-06be-48c3-919a-35c9da89ee8b', 'bbe454c5-85d9-40a4-91d7-9512394291ff', 301);
insert into Estacion (Mouse, Teclado, Headset, IdSala) values ('df994a5f-b511-4893-93fa-4dfdb5fdd865', '087e2fdc-8bc4-47ca-985e-0c3334d63802', '384bb5f0-bb41-4bad-86ff-f8d287c2cd19', 507);
insert into Estacion (Mouse, Teclado, Headset, IdSala) values ('499f67a6-7d36-4172-b337-42b0c9bec6ec', 'a7cd74b2-b552-46ab-ab82-bc1573f74a1b', 'ff412e0c-7a37-461b-b4f6-75505ac3fe1a', 441);
insert into Estacion (Mouse, Teclado, Headset, IdSala) values ('5db26096-2219-49a1-9e2b-8987c2c5d3d6', '2f781e1b-8f06-40a1-a305-8297e592db55', '7038934d-e926-40bb-9fd8-351bdd4f9ec1', 473);
insert into Estacion (Mouse, Teclado, Headset, IdSala) values ('741e2222-7087-4caa-a593-c063dd9ffa2e', 'ae02ad63-fc16-46c2-ae30-84b22b036e5f', 'e80dada4-4e92-4294-9345-370828e628b6', 270);
insert into Estacion (Mouse, Teclado, Headset, IdSala) values ('fa27f3bd-f9bb-4a89-b0c1-29a52ede7834', 'bffaff2c-1c35-4bdf-b995-e520165ba8ec', '3e8551ef-52f3-4bc3-b862-3df52bcdba90', 550);
insert into Estacion (Mouse, Teclado, Headset, IdSala) values ('2149f369-4fa5-4669-af86-18233c6d81a3', 'dff0a285-f711-4893-a82e-a5e985a53a9a', 'e93e3a71-f01c-48cc-8bfd-b19e880639db', 342);
insert into Estacion (Mouse, Teclado, Headset, IdSala) values ('625d5428-713b-4eff-84b3-4307d197f89e', '4839dd44-0e5a-415b-b6a8-fdd5c09c869b', '2b044a5b-d740-4ffd-9e84-eef085292b7e', 124);
insert into Estacion (Mouse, Teclado, Headset, IdSala) values ('e8d5a53a-6f5a-462f-b139-0bb15ae04004', '1690fd76-2074-49f6-9613-00833e2ffee4', '1ca6fccb-df72-4ab5-83db-dc1880e18007', 397);
insert into Estacion (Mouse, Teclado, Headset, IdSala) values ('6bc6e01d-e590-4f80-b134-05e1ea6596dd', '1b405a2d-1c3b-4ba5-b4da-f4f2abc17a55', 'ba099476-ebd2-4d67-b397-c0afcdc528d5', 567);
insert into Estacion (Mouse, Teclado, Headset, IdSala) values ('7322dd6b-57e0-486f-9505-121a80a132b9', '5d71ccf1-9b42-4e55-9875-b054ac23635d', '41a74240-9873-47af-9373-59e3f2201244', 206);
insert into Estacion (Mouse, Teclado, Headset, IdSala) values ('35fee80c-9844-4bcc-b1ec-e3dfe0c30724', 'c739e911-c8a8-4cc2-becd-e358e9249261', 'b98860a8-c241-441f-a686-06832b3f9075', 487);
insert into Estacion (Mouse, Teclado, Headset, IdSala) values ('418dafbd-4638-4fe7-b17c-b571eb83432c', '4c8e90ee-e70d-4e69-afcc-48242a5c91ec', '30037c6e-c228-4404-9f29-ae5281531e0f', 216);
insert into Estacion (Mouse, Teclado, Headset, IdSala) values ('9ea4825f-3ed2-4ae0-bc20-e6bd6d340f42', 'eaa30dc9-8e4a-4cfa-86d9-9b5bfa3a5ee4', '2124ff35-bfb2-44a0-af62-780dd9de7c92', 594);
insert into Estacion (Mouse, Teclado, Headset, IdSala) values ('f2e9a8db-3573-4772-b96e-691a0e54ccb4', 'b378bb10-f14f-4401-9a5b-fa4a2ea8f726', '4e57a695-7d86-4195-a485-1adedcdb7a08', 323);
insert into Estacion (Mouse, Teclado, Headset, IdSala) values ('a85c0c3b-eff2-406d-b61e-121262d5e695', 'cf329c21-3c55-40bb-a331-821752035427', 'a9f0bc70-a232-4d7f-93dc-bf95188e023d', 211);
insert into Estacion (Mouse, Teclado, Headset, IdSala) values ('3e655210-69ff-4122-a98c-7c62982bc59e', 'e7b95e8d-6280-46f0-9ce2-bd544c6d6a96', 'c260234c-9899-431d-9b0e-c6e5561e8922', 508);
insert into Estacion (Mouse, Teclado, Headset, IdSala) values ('0431f077-ea77-4ff7-a625-ec92775e8bb4', 'cc5fc894-9e35-4e13-b29b-ac8e6801e534', 'cff544b4-5ab8-49d3-87df-5d50d924ce9d', 275);
insert into Estacion (Mouse, Teclado, Headset, IdSala) values ('298c821d-bd9b-4725-bd19-1e43e7cda2df', '3f4a70da-66c0-4f1c-b01f-8b54995701dd', '5c178429-95cc-48a0-89e8-b57d00b77f7f', 128);
insert into Estacion (Mouse, Teclado, Headset, IdSala) values ('ebc119a4-9684-448e-9f50-8d0fdefef061', '3add4eeb-4d02-45ac-bd85-666b8f3a5530', '68fd9ee0-8bb0-4a1a-b8f7-afce429f804c', 164);
insert into Estacion (Mouse, Teclado, Headset, IdSala) values ('3c58dfc8-4299-43bf-843c-4b9b0bde10bd', '86eb8f58-c627-4589-b789-ccedc12324a9', '13ce8bbb-3de4-4697-8ce3-305ccab861e4', 169);
insert into Estacion (Mouse, Teclado, Headset, IdSala) values ('64b4d735-de24-4885-a0f6-f56b52b60526', 'b28582a6-2091-4c8f-ab7b-9a06499ee176', '9fec4e4b-1fce-490c-8131-ac615902c89e', 357);
insert into Estacion (Mouse, Teclado, Headset, IdSala) values ('68cca3cd-8e7a-4a79-bb26-eb483cb11a9a', '3ee863c8-f556-453a-8fe7-8dc031efc9aa', 'a93f8d97-23ab-48c3-a747-0e321965af6a', 235);
insert into Estacion (Mouse, Teclado, Headset, IdSala) values ('5d3cb343-99c5-46f3-acad-519f6e6589c6', '41608759-219f-456d-b912-62f30922689a', '26602e33-fc1c-45a4-b7d0-2c67ac9fce0e', 474);
insert into Estacion (Mouse, Teclado, Headset, IdSala) values ('d09abf4f-6ff7-44f1-845f-3550f601bd33', '795e3395-badb-4db8-af95-85712e3cdf8d', '40a7e4c6-73a6-441a-acd2-368111419041', 528);
insert into Estacion (Mouse, Teclado, Headset, IdSala) values ('cf92a2fd-d6c6-459d-8aa9-46813b59cfed', '6593f649-02af-4893-9b31-ec5f2a23cff6', 'fd3071dd-5dc7-48d1-ab6e-83585fe87b00', 80);
insert into Estacion (Mouse, Teclado, Headset, IdSala) values ('6a07ccae-2c7d-44fa-a228-7ce801e31e2a', 'f1b8799e-53d5-4e01-bf08-1ddca36713b9', '5a1d75cb-4d8b-4b33-bdaa-bb5a726a17ee', 537);
insert into Estacion (Mouse, Teclado, Headset, IdSala) values ('501ef337-ceae-4393-9ee9-e5e74220ba9a', '2dc8e7ba-451b-4ee2-8466-424680792343', '6d4d9741-2ed8-4f7e-b1ab-6bc413ff48fc', 51);
insert into Estacion (Mouse, Teclado, Headset, IdSala) values ('6e0acacd-2f33-41cb-a2d0-0a934d1a2b88', 'c7f8abd2-abd0-44e5-9d62-b66b78819b67', 'd1ef02fd-e530-4923-9c6a-3fa17fad1670', 442);
insert into Estacion (Mouse, Teclado, Headset, IdSala) values ('ee94950a-9a03-4b71-abc3-29de5e7ca50d', 'a656a5a7-3fda-4788-8aed-6f2776522fcf', '8b4126d3-10eb-404f-9199-61216f7af52d', 123);
insert into Estacion (Mouse, Teclado, Headset, IdSala) values ('efea2f60-c164-491d-a4aa-ed3268fdf2e2', '30d015f5-d638-49e0-91d1-dc44103f6f32', 'b5a6c9ef-5f00-4235-81b4-4aeb410d8e5a', 388);
insert into Estacion (Mouse, Teclado, Headset, IdSala) values ('4bd277fc-60b2-42dd-9578-b0e4c67e4fae', 'a9146fd1-9439-4c54-bf26-90c42e70dbb3', '44f46a3b-bb16-4d8d-84fb-5b6f20d2b77f', 244);
insert into Estacion (Mouse, Teclado, Headset, IdSala) values ('a4a18e66-c1ab-4cdb-a5af-3509be994276', 'b25bc410-8d63-4594-a044-9718d1fa0987', '60753603-3e0c-4045-b96b-dffb4d4e7de9', 424);
insert into Estacion (Mouse, Teclado, Headset, IdSala) values ('c68532d3-0fb1-4962-b22d-47f3c6fc3ac3', '8b64de3c-78fb-4244-b87a-b5dba455eebd', '69a659aa-bcee-4a8e-9460-ad8072a2f778', 503);
insert into Estacion (Mouse, Teclado, Headset, IdSala) values ('03bba693-b399-4a20-a1a8-cbd68d6d24b1', 'e1747cc3-eb42-4d33-b498-ad93d7706596', 'cf7b4108-f949-4940-a635-022ad7c360c1', 68);
insert into Estacion (Mouse, Teclado, Headset, IdSala) values ('c49b1690-582e-40c3-8973-76bc00ae8474', '98e49bd0-ab06-41f3-8fa0-8b6fda55bf48', '0e96c987-783a-4688-ac7d-b5932c29c7c5', 55);
insert into Estacion (Mouse, Teclado, Headset, IdSala) values ('78e0262b-4382-454a-a80b-86db1f2e6b27', 'f42611b9-037d-4266-bf24-117ec3d713c6', 'fe32b238-e01c-40a1-938e-4ee5e4b07713', 353);
insert into Estacion (Mouse, Teclado, Headset, IdSala) values ('586623ef-f85b-4082-8db3-62ac71bd1407', '4f1d391e-c5eb-4eb1-9368-a60102d714f5', 'fd3fb069-3095-4ae5-980d-31a1067d0c14', 435);
insert into Estacion (Mouse, Teclado, Headset, IdSala) values ('e1bb5800-8700-4e6f-960a-35ade650e531', 'f44bd267-6250-4d7b-85b5-607f3142d9e7', '8d957e74-0214-4d51-9ffe-ed8ec98f1c80', 131);
insert into Estacion (Mouse, Teclado, Headset, IdSala) values ('5a9157e8-94df-4352-b8bc-b48ba5521174', 'b61c2c6d-824a-472e-81ff-6b5e45cf9d3d', '8f6144ad-f44e-4608-b576-4ea19e1eadc2', 548);
insert into Estacion (Mouse, Teclado, Headset, IdSala) values ('e7173db6-68c4-4469-ae82-26383e24cf2b', 'b70a5253-7d9b-4060-b143-0376efc8df40', 'dd8fbe9e-5c2d-4232-b852-a19867ad5bd7', 153);
insert into Estacion (Mouse, Teclado, Headset, IdSala) values ('93e0e6f2-0f20-4eae-8b0e-e3f068d35226', '13e51a51-6586-4cfd-ba57-74d20cddd8f3', '492a86ff-7959-4ff2-b1ff-85a80d68736b', 591);
insert into Estacion (Mouse, Teclado, Headset, IdSala) values ('c08035bf-5d61-4e17-b19c-21321131eb84', '360fbe02-c1c2-4403-b946-d978ffe5e25c', 'f6733dc1-7766-40af-b2f3-90d18c26e48e', 337);
insert into Estacion (Mouse, Teclado, Headset, IdSala) values ('890c712a-6f30-4e78-afb7-1d40578b71a3', '92d8e345-5955-4e35-a043-1f258e0ed1a6', 'd1b0f8a5-e620-443b-8ff8-e4db6c6b3388', 254);
insert into Estacion (Mouse, Teclado, Headset, IdSala) values ('7624950e-800d-4ef2-a47f-481c5ff2dbfe', '7770f6b8-5dc7-4578-82f8-b4f00c894dfb', '96420dea-b40b-4b47-84b8-7dad62f55266', 434);
insert into Estacion (Mouse, Teclado, Headset, IdSala) values ('072dedd2-8679-4011-9248-cc08b0133606', '8d8aeb5c-d0dc-4350-a044-c861fb8e0e26', '78c9630c-8f01-4fbe-9f13-e1c21f7c9833', 249);
insert into Estacion (Mouse, Teclado, Headset, IdSala) values ('ddd1f940-af11-4463-b99f-fc4c1aa9d400', '245f80d7-21c2-4777-903f-65dfe1ad0903', '6c71110d-dbd3-4a32-b1d3-8bf0f09c6dda', 187);
insert into Estacion (Mouse, Teclado, Headset, IdSala) values ('1229875c-d508-4817-9557-71f7321971d9', '1330c3fd-9446-4062-829f-7c1c1e50def9', 'f49d80b0-e904-4556-91c5-a878ccc909d4', 237);
insert into Estacion (Mouse, Teclado, Headset, IdSala) values ('58189c73-0745-4bae-aaf3-5a0c298622d1', '11624e0c-ad8a-4269-9c0a-2e66c7e86a93', '0716efab-b0a5-416d-8b18-9f3c7f2c3028', 58);
insert into Estacion (Mouse, Teclado, Headset, IdSala) values ('2d66733c-0413-4ca1-92fd-7ef4c89c39a6', '6177d439-d18b-4a29-a767-5fe1f3882f18', '654313d6-b085-4db1-99b2-9ace72bf49c8', 443);
insert into Estacion (Mouse, Teclado, Headset, IdSala) values ('5ac0a965-2019-4a55-a0d7-b47ac44e0b62', '56ace476-6350-4c61-a58f-3c842dad351a', 'c394d861-f6d9-4ed5-8629-e3baa9b26799', 432);
insert into Estacion (Mouse, Teclado, Headset, IdSala) values ('ff84ef76-9359-411b-89bb-fdddbed7501c', '3d021417-e756-4714-a1e5-196eda066610', '0a81007b-c822-49c1-9601-04c353d644eb', 200);
insert into Estacion (Mouse, Teclado, Headset, IdSala) values ('606abe48-6865-41e9-b007-75615a5881d9', '3523522a-6810-44e5-96d6-3ee5b44efc7e', 'b0ccdaf8-c76f-4db7-a79f-7bacb4a7e46f', 222);
insert into Estacion (Mouse, Teclado, Headset, IdSala) values ('db94c4c7-5f38-4205-8a7e-0852bce69525', 'af7c3e5d-c80f-473b-924c-0bd760aa82e8', 'f9a2a8ef-ee10-4958-aee8-78a01967affa', 72);
insert into Estacion (Mouse, Teclado, Headset, IdSala) values ('ef858c3a-1f81-487a-b89d-cf1dabd82075', 'da0a24df-a250-4956-b982-caa2dcbc8b67', '6a87a38e-5893-4c44-8b09-0c85b2f745e1', 252);
insert into Estacion (Mouse, Teclado, Headset, IdSala) values ('6deaf0de-c291-4f3d-92d8-82ba4af4d84d', '5466120b-8989-4053-a8f0-536ad0041abc', '54a3d3ad-5b73-4190-8164-228c53ba7582', 340);
insert into Estacion (Mouse, Teclado, Headset, IdSala) values ('e99dc69f-04a4-4dfd-84e9-fbe5ad7e0717', '8964bf42-42c0-43a4-ae7b-1644fc6ed024', 'd43164fa-25e0-477a-bfcf-920c03a114a8', 152);
insert into Estacion (Mouse, Teclado, Headset, IdSala) values ('ab9bf94f-0d1e-41e7-8df1-a13bd73f600b', '72cdd247-bf83-4d64-ad1b-59a6315d0e23', '87aa4c1d-9b2d-43b7-ac27-3b1fde291a34', 471);
insert into Estacion (Mouse, Teclado, Headset, IdSala) values ('9e5854fa-c7bf-40d9-84da-a32e569c8b05', '11afef36-9484-4399-a89c-a9aae923971e', '77673775-97ac-4c6a-bb91-37cdffafa4ed', 481);
insert into Estacion (Mouse, Teclado, Headset, IdSala) values ('80da67c6-f33e-4f36-bb4d-fa92034bb51b', '6b3b65ba-fb96-4227-95de-5f6b56029821', '86d6dba4-e0f4-4b27-af48-2e8e86b0c4ef', 79);
insert into Estacion (Mouse, Teclado, Headset, IdSala) values ('ffffd95f-b18c-42f0-9686-5ecc4c538cff', '6b1a8839-9d92-4434-bba6-ddbab3f2792c', '03a01967-646c-4887-aa5c-d83f744b34e7', 201);
insert into Estacion (Mouse, Teclado, Headset, IdSala) values ('8968e9d8-abac-45d0-8cad-ed73d6995414', '470d6b7b-82b8-46af-ba37-03bcd97d71dd', '50347e4d-5e8e-4f6c-894e-0b2bd478269d', 363);
insert into Estacion (Mouse, Teclado, Headset, IdSala) values ('e23976e1-3f23-4b1b-b871-ad43e8b2ab1f', '5b96656b-757c-4a8e-a3bc-d18206c1e0b7', 'ceba4f4a-34c4-4bbb-b8f3-2e8f7ff73de1', 589);
insert into Estacion (Mouse, Teclado, Headset, IdSala) values ('4dfcae8f-e153-468b-a260-33d338d5ac67', '646a29b4-1840-4d87-8edf-45a786ccbb00', '81bdbf81-6806-48a6-8055-26698bddf08b', 156);
insert into Estacion (Mouse, Teclado, Headset, IdSala) values ('431ad935-c42c-4acf-872e-7833ae37c6f7', 'fb9c3afb-8462-4df2-bf96-6283a9f161ac', '9f316cb7-edcf-4c78-b222-cf31c6fedd57', 94);
insert into Estacion (Mouse, Teclado, Headset, IdSala) values ('86440b83-d0ed-4d85-92b0-3c9187a07c34', 'cd0b1de2-921d-4145-9c97-44b68019f17f', 'd3a9f8d5-5320-443f-8d98-789a920eead6', 230);
insert into Estacion (Mouse, Teclado, Headset, IdSala) values ('82092d43-96dd-44ba-aa99-5837f92ec063', '8821a01a-8d9a-4973-b37f-f3b34b05b3a7', '64918c45-cf6b-4dfd-bc84-dcec9d8d67fc', 88);
insert into Estacion (Mouse, Teclado, Headset, IdSala) values ('e6d2f578-40a9-4068-b714-a4813323bcbf', '01dcc08b-79e9-49ec-bba2-3d9d742977f3', '50630b08-7bad-4a08-b475-24f4d75234f4', 210);
insert into Estacion (Mouse, Teclado, Headset, IdSala) values ('40931fa5-0073-4716-aab6-a299ba687d11', '0a5e5e08-b77b-4a93-9ad9-a921649a2062', '8915e3c3-af76-4e61-87d1-a35964edb392', 599);
insert into Estacion (Mouse, Teclado, Headset, IdSala) values ('7ed5ca5f-aff7-4f19-b7d5-034f3d803a9b', 'ef106e06-b49a-4ef1-90f5-de49436b49bf', '5836fe26-77ea-43f7-9e6f-6b55fc4414d6', 173);
insert into Estacion (Mouse, Teclado, Headset, IdSala) values ('879fee4c-74df-41d1-b9c8-a23301ea0352', '9d9f023a-a392-42a4-9a69-1fee3e3d7118', '81f5e6d9-5597-464b-96fc-ee51666844e5', 64);
insert into Estacion (Mouse, Teclado, Headset, IdSala) values ('0a5ac79b-a1e9-4bcd-adb6-a4e96feac5c0', '3bb81e9b-6494-4820-82fe-f85452fe7026', '63a85adb-4678-4b5c-8ffd-081aa4bf3a66', 556);
insert into Estacion (Mouse, Teclado, Headset, IdSala) values ('b10c496c-5e0b-4dac-ba7a-0c56a8677a2c', '791996a0-ef8b-4f87-8ab8-703e93f018ab', '3a3e37ab-692c-4d32-a1e3-ae7f4515cd88', 254);
insert into Estacion (Mouse, Teclado, Headset, IdSala) values ('4f4d41a8-6dde-4e31-8f71-0060c7ba049c', 'd192dfc9-5565-4ea7-8904-0cac87d6812e', '680f4659-bd7e-4018-a7d6-bf54870e20d0', 567);
insert into Estacion (Mouse, Teclado, Headset, IdSala) values ('2557073e-49d9-4e93-8d65-e6977858abfe', '1c89e267-9dde-4576-9da6-ac6fc7196233', 'e203d657-fe8b-4bc3-966d-28d628531b55', 492);
insert into Estacion (Mouse, Teclado, Headset, IdSala) values ('99aed37c-3b35-49c0-84cf-32d597001c45', 'a049cfc9-3858-44d8-adb6-c0332372aba8', 'f1124541-8157-4df2-a164-359d74bd5b6e', 238);
insert into Estacion (Mouse, Teclado, Headset, IdSala) values ('339e59cb-2c85-4453-a207-8766f58f3b5d', 'e2857038-7777-4411-b43c-870193da902d', 'd018225a-8602-4643-b42b-5bc1c99cafcf', 262);
insert into Estacion (Mouse, Teclado, Headset, IdSala) values ('35e4ac18-2893-417f-94e0-b240d84ead53', '707014bf-4137-4c41-a7ef-bb0330f544a3', '132e25fc-00c7-4576-9c9d-09102b5ef71e', 181);
insert into Estacion (Mouse, Teclado, Headset, IdSala) values ('1273ff27-94bd-4e0f-a511-70915492b4c2', '391ac31c-6678-4680-bf7d-43d36f0d1c58', '04b61f65-0dff-416e-bee4-ad8cd2fc36b8', 73);
insert into Estacion (Mouse, Teclado, Headset, IdSala) values ('c539441e-4cff-47a0-b161-edd464458280', 'af74544b-2955-42b5-b86f-cf47a07ddbe1', '267c2b4b-88f9-4e84-a403-3b1d2f4c3e84', 495);
insert into Estacion (Mouse, Teclado, Headset, IdSala) values ('998bf15f-9c96-4433-9e53-14f290fe65ea', 'ab942620-5690-499d-8ec9-fbbbb773c0a4', 'd8309fd1-3830-4c02-919f-f07cdaf8319a', 426);
insert into Estacion (Mouse, Teclado, Headset, IdSala) values ('7cba1468-404b-4762-b1d7-c5a466e5d2fd', 'f575d707-e1af-41c4-8145-992433394ea9', 'fcae6313-faf5-4b6f-a428-f9b0d9fc27cb', 192);
insert into Estacion (Mouse, Teclado, Headset, IdSala) values ('0f764152-bb33-49af-84a0-79e5957e9b37', '1e251e3b-df22-46c0-ac8e-b907c926b5f2', 'e8a8524d-d045-4f53-95ca-170e7be3971a', 326);
insert into Estacion (Mouse, Teclado, Headset, IdSala) values ('fccc5170-c7a5-4f6e-82cd-c9c0e46942cc', '342c898a-cbba-4e12-97b5-3de92d360974', '04477efd-2473-4413-9a73-844f91677de5', 482);
insert into Estacion (Mouse, Teclado, Headset, IdSala) values ('491d795a-a84f-4aca-a4a8-3ba548b7293d', 'd02fb5f8-d62e-4288-b0d4-e1b1d25e53ab', '75e9d824-f638-4946-b872-91e866ab5da1', 155);
insert into Estacion (Mouse, Teclado, Headset, IdSala) values ('899b8a3b-0b2e-4594-a6f3-724382ad796b', '04ecc4bd-7077-44fb-b19c-fe924234813e', '9d42e8bb-6b98-4527-9a3b-6697e70243fa', 342);
insert into Estacion (Mouse, Teclado, Headset, IdSala) values ('78563c8a-8072-4bcb-82d0-ea39d679f56d', 'ec4ec00c-4a85-49f3-bce4-4a52b4bf39d5', 'cace1022-23fc-41f7-a387-753014925e10', 480);
insert into Estacion (Mouse, Teclado, Headset, IdSala) values ('8b547a7b-5d90-4a1f-8cd5-66e6f7cad75b', '7198560a-3080-4707-8089-a4c4da5ba2c1', '7b6b786d-9d7c-4f5b-bc3f-9c4bfd0a1ff0', 355);
insert into Estacion (Mouse, Teclado, Headset, IdSala) values ('7e74ec67-b951-4de2-bd99-1d8ebaf92d33', 'df5bf644-f531-48d6-a73a-ea3666b93ed9', '3fa84f2e-ebce-40a1-a5c0-6175492e0181', 599);
insert into Estacion (Mouse, Teclado, Headset, IdSala) values ('dccb2e11-950f-4bc0-bd37-8b751df4b911', '62f76925-6c9c-4077-bb5a-3ffe062464e1', '4ce10141-a693-4f4f-969f-69f95bc16dcf', 162);
insert into Estacion (Mouse, Teclado, Headset, IdSala) values ('778a32d5-ab22-4897-9cf0-5806ff072e34', 'd315e378-0601-4cae-917e-581433266015', 'ebfd1b85-9ab9-4a89-8495-08b2095df4e5', 6);
insert into Estacion (Mouse, Teclado, Headset, IdSala) values ('15252fe7-6535-4d48-bf2b-cfdb3b6d1965', 'e109de32-a7b8-4a83-9b58-5226f7ee2469', '662d20f5-7a6b-4d77-8579-9ef6ea719f03', 413);
insert into Estacion (Mouse, Teclado, Headset, IdSala) values ('3c2f9e00-8c48-4264-abd7-daa83b68a07e', 'e05a3be4-e789-4621-9d73-b085609b6616', 'a7baec58-f100-4391-90ba-930d1f2c2a2b', 487);
insert into Estacion (Mouse, Teclado, Headset, IdSala) values ('7ca6a127-55d5-4ac8-a3c2-a99903d71395', '25daa597-a994-4d15-8cdc-637d55a82e85', '4b541c80-1c35-40c3-8322-425b068d9ed3', 457);
insert into Estacion (Mouse, Teclado, Headset, IdSala) values ('28673c2d-0872-4d97-ac59-d7080d50e5d5', '7f68b614-3229-4f18-966b-fde8bb394b0a', 'f7f30af9-6a97-4041-bc32-b6294d1b3d46', 427);
insert into Estacion (Mouse, Teclado, Headset, IdSala) values ('e39213e7-5c91-4622-925d-e652208ea79e', '19a6b403-fd42-4be8-a963-a5d83e5c3e31', 'b2540858-f8cf-4689-a3cf-86e10e407ffb', 92);
insert into Estacion (Mouse, Teclado, Headset, IdSala) values ('256da10a-1124-495c-85d4-2a7004a8cc0e', 'a41d07bd-dc8d-4c28-a141-d6c980977f5a', 'd79717e2-03d3-4f3d-8a8c-619fc6f59cf3', 10);
insert into Estacion (Mouse, Teclado, Headset, IdSala) values ('65b3130b-e4ff-4a38-a4d9-9f6818dfa614', '34e5ab71-9a69-4645-8c70-6f5e6d69cee1', 'da582a13-5cb0-49b6-9c59-7ca6adf1a0d6', 492);
insert into Estacion (Mouse, Teclado, Headset, IdSala) values ('ae7c23db-7b0d-4112-9761-ac4a01993dae', 'b61029ed-770a-4ee5-8ff4-cf737f55417e', '9bd5c55b-e772-4f85-b474-c38037068905', 43);
insert into Estacion (Mouse, Teclado, Headset, IdSala) values ('21981338-e25d-42fc-a98e-a8b8a28a5f7b', '33969f1a-81f9-4b51-a6b3-2af4f8ef9c83', '91c28cd7-a32e-460c-b120-bef6e10c5b18', 324);
insert into Estacion (Mouse, Teclado, Headset, IdSala) values ('cda54100-6419-4dc0-a89b-6290535ab125', '81fa7ebc-05b3-4cf2-827a-8cc37bd13d85', '698724ad-0ea3-4edc-8b44-1c1d6b4309c7', 106);
insert into Estacion (Mouse, Teclado, Headset, IdSala) values ('192325e5-fd38-43fa-9c65-c83c00fce961', 'c21d5c5b-a665-4706-8790-b8dcd4948464', '6deb360c-5846-47ec-9882-5611b2e9d8ea', 35);
insert into Estacion (Mouse, Teclado, Headset, IdSala) values ('a742673b-1de7-48fc-9787-239e28df6533', 'dce154c0-7ca0-465d-82f8-5b8c8a515bc4', '469eb709-b3d9-47d2-a0b1-aa6c3b7d94c9', 352);
insert into Estacion (Mouse, Teclado, Headset, IdSala) values ('e50a3fd4-dea3-4a74-8da4-2da60ea2317d', '5070a92c-a381-472c-8979-ad802859bfdd', '4f3857db-772c-40c1-ac7e-a47f49754b78', 225);
insert into Estacion (Mouse, Teclado, Headset, IdSala) values ('76e18c8b-5b03-4d61-91d3-98f9198b8380', 'e03f2fff-ea6f-4008-8e4d-44571c661fb6', 'f454d64b-efe9-4253-a1ea-d9c65fba61fb', 135);
insert into Estacion (Mouse, Teclado, Headset, IdSala) values ('30cc459c-e43b-4f4b-88cd-dc446fb74b58', '880e6bbc-c97c-48f2-bd72-54ffeaf725fe', '4e62edb5-369e-4695-9335-b224792aba36', 559);
insert into Estacion (Mouse, Teclado, Headset, IdSala) values ('0440c4cd-03ed-4a2b-a78a-15c64da1c034', '8e6854f0-e36e-4faf-a07a-3e752587ff69', '7a832eed-0661-4103-b8ab-5a113567afda', 491);
insert into Estacion (Mouse, Teclado, Headset, IdSala) values ('1e2e5c99-f4ca-4067-a412-a13acb79bddb', '3d6100f1-8356-474d-a349-d153a3cad9bb', 'c4a374c7-82e4-43ad-a917-88b6e629107f', 202);
insert into Estacion (Mouse, Teclado, Headset, IdSala) values ('6bf7f8c8-8336-47ae-a689-bb1ca9815143', '2e6b8fd4-b86b-4fb0-b2cb-8876b15dfc36', 'a3547634-f245-43ab-bc47-02a55e66fa7d', 94);
insert into Estacion (Mouse, Teclado, Headset, IdSala) values ('fa64e587-db5e-4b5f-8c82-96a70ed8c696', 'd69ef955-f569-494e-8693-391f256d9af3', '69efdaa8-ff3e-4a63-a877-0b848008ff03', 360);
insert into Estacion (Mouse, Teclado, Headset, IdSala) values ('0df0fb99-65e3-49e3-9e1b-bc9f7502d5c6', '9007d5dd-6648-4b43-8443-bebea085d9c2', 'a940c868-26d7-468c-9a19-d2ff40fb51b8', 49);
insert into Estacion (Mouse, Teclado, Headset, IdSala) values ('cc5b0e3f-eeec-4b80-8dd6-63239398e0f7', 'c40c8727-3141-440e-9ea0-605427908aff', '50e87f40-78d5-4611-9a01-7e874d4ad052', 183);
insert into Estacion (Mouse, Teclado, Headset, IdSala) values ('1a0223ec-b181-47bd-a506-0231dc0f09be', '46874377-8863-48b7-a873-dbfec5a00e8b', '8f7c4bbf-ca49-4043-8587-f11b8af34e88', 367);
insert into Estacion (Mouse, Teclado, Headset, IdSala) values ('5e4c4cec-da1e-419f-a41f-7069d932442c', '69b5ea83-c358-4458-a081-2afe97b7758a', 'f5a0e692-c1fc-4e3f-9a09-a8ba33a05682', 302);
insert into Estacion (Mouse, Teclado, Headset, IdSala) values ('653745bd-2533-4706-b252-9cf6b6702912', '3461cdd3-50ef-403b-892f-0b952a07f77a', 'e10db7a0-5ca7-487a-94e3-6a3501be3419', 526);
insert into Estacion (Mouse, Teclado, Headset, IdSala) values ('e76fd871-39de-48f9-bf73-5303878459ac', '6543cd0e-3f44-43e0-aadc-9540d4ed65b6', '04404c58-846c-4979-bb50-0e0877249295', 551);
insert into Estacion (Mouse, Teclado, Headset, IdSala) values ('70554467-64f6-4ecb-83c6-f34052b15b9a', 'f3a71689-0079-4b85-acef-8da31a85a0aa', '3b6bc554-9daa-4daf-b391-66dd8b405860', 519);
insert into Estacion (Mouse, Teclado, Headset, IdSala) values ('3e062305-bb50-4bb8-952a-939aaefec219', 'ce5aa905-6709-455e-8bf0-45a1b11f2552', '9e8db3c9-8f15-46ac-b41c-55af4629c83d', 92);
insert into Estacion (Mouse, Teclado, Headset, IdSala) values ('a08e1e85-f2b6-4673-a053-60081a86612d', '39f9d755-b1d9-4c86-aa12-aa5cefc36a34', 'abc9f146-5458-4aa3-a082-642e9e919e26', 16);
insert into Estacion (Mouse, Teclado, Headset, IdSala) values ('f67205c7-2259-4416-827e-ad064816248d', '68254bea-c51b-480d-9764-c76997865117', '0782fc17-8112-4cab-a010-c98b71b6bbdd', 19);
insert into Estacion (Mouse, Teclado, Headset, IdSala) values ('8c136dfa-6fc7-403b-a79a-eb7f3637b3cc', 'dce8294f-b7b8-40f0-8919-a1272be07c8c', 'a03cb060-a53a-4bc1-8677-cd61ed2e4034', 579);
insert into Estacion (Mouse, Teclado, Headset, IdSala) values ('44ccb486-0a6e-4eee-91e6-6e5d8f9da716', 'e69eda6a-26bb-4360-b323-40a3eb0c5055', 'f14a5614-2a63-404b-8615-37e47f3d1294', 233);
insert into Estacion (Mouse, Teclado, Headset, IdSala) values ('da2897a0-a908-442b-a453-93b27d411091', 'dc9a126e-7971-48d7-b301-c01e5de4a882', '8900d464-24db-4c86-9a0d-fc4ca5d0464b', 381);
insert into Estacion (Mouse, Teclado, Headset, IdSala) values ('7dba006c-1aab-420e-8349-f8883d6af7d4', '6225c3d6-1452-4b6a-afa8-b36deb516fd7', '98d04f67-026c-4f19-ae11-b5fb3f65df58', 434);
insert into Estacion (Mouse, Teclado, Headset, IdSala) values ('f6fbdf19-ed9b-4bcb-bd9c-69b3506302f6', 'bd9f4f96-ba3f-4abd-8e62-3b2e9c8a8069', '63a2a542-5b4c-4510-b9b3-a51c9634641f', 217);
insert into Estacion (Mouse, Teclado, Headset, IdSala) values ('f3a06f4d-6358-4c9b-bfbc-e9a2f9d5554b', '6f582165-2f09-47c1-8af4-45a1450da402', '7d0336b2-8354-4b2d-bdf5-a2b6e4bc7a8d', 544);
insert into Estacion (Mouse, Teclado, Headset, IdSala) values ('f5dda636-8d6e-40a7-8fa1-40a408188cdd', '2088400b-6fe6-4711-a061-f2da3e0ee719', '7f6908e7-be9a-4a5c-acc1-c82d72e6c3d2', 216);
insert into Estacion (Mouse, Teclado, Headset, IdSala) values ('1483f12e-9835-4e30-a0a3-a6eec49e0017', 'f332437f-ce5f-414c-80b3-e0098cb31b5e', 'e55d7c9c-e52b-4852-a2cc-3cc4468ce0a7', 233);
insert into Estacion (Mouse, Teclado, Headset, IdSala) values ('e91c4ea9-b82a-44cd-8117-867a7bfb0ff8', 'e7558d79-9493-4487-ac3c-14dbdb5fb75e', 'a510f14c-08e5-4abc-830f-fcf39828eb75', 135);
insert into Estacion (Mouse, Teclado, Headset, IdSala) values ('49f55141-24ca-4cfc-9648-c93b6be79ce7', '98213d97-4123-421d-8d8f-4c4a00583349', 'b53ed436-a497-4652-abb5-37f220004be9', 249);
insert into Estacion (Mouse, Teclado, Headset, IdSala) values ('17050e4e-49b6-483d-a77a-31cdee9e208d', '13844756-f0fb-4747-9172-e7480909e053', '140fca9b-8033-485c-80fc-c8c23c7a7976', 50);
insert into Estacion (Mouse, Teclado, Headset, IdSala) values ('b6d5dedb-58a6-4cee-88dd-7c10ca229b1c', '55c4d22c-ab81-4b11-bc2e-28fb4df684df', 'aa0c64ce-8043-48b0-b3ed-d2364f5f1fb5', 104);
insert into Estacion (Mouse, Teclado, Headset, IdSala) values ('1fe42f6b-26e1-4351-bd40-a36b676d854c', '5dce1816-61f1-4ebb-aab1-8a7321bd7a88', '8d87afa7-1c9e-421b-8014-4a163a4162d4', 118);
insert into Estacion (Mouse, Teclado, Headset, IdSala) values ('b914b7ca-e060-45f9-b411-8f5817e86f8d', 'e5fc0b73-6a3f-4c40-b8a6-f1d6cd7c0f53', 'f5d503b5-606f-4ee7-addd-0cbed0ee9000', 490);
insert into Estacion (Mouse, Teclado, Headset, IdSala) values ('d2f5a734-433e-4a50-a0ce-92692d309ff3', 'f068e8fa-2bbd-480c-9821-9f7d603cad66', '506851e2-b4ef-4a11-baf3-49a67b69fcfd', 208);
insert into Estacion (Mouse, Teclado, Headset, IdSala) values ('82275376-0d43-4b18-8c53-a7f99e711cfd', 'e7ca4707-0036-441e-a8de-4fea4a9299f8', '6c2f5a5b-3ebd-42dc-86a0-68ba85623f96', 453);
insert into Estacion (Mouse, Teclado, Headset, IdSala) values ('72aa1e39-98c9-451a-b764-8a311cc8f8f4', '5382eab1-a565-4cba-8865-ee2d1c2f5821', '19078477-e620-4a4f-8bbe-3d018b75115b', 53);
insert into Estacion (Mouse, Teclado, Headset, IdSala) values ('30c74886-af4f-4d90-b60b-1215cae5fd1d', 'a79a6d65-603b-4c70-a5e3-8426821c8dc9', 'fe17d356-85bf-44bc-bbcf-f6e9c1b07a8b', 5);
insert into Estacion (Mouse, Teclado, Headset, IdSala) values ('053c6efa-2f71-448d-9fb6-f5f8732b7832', 'f472b4ee-b16d-4468-a16c-ca7e56f9855a', 'c9bfbd7b-8c5e-47f2-8822-864141fbcb49', 371);
insert into Estacion (Mouse, Teclado, Headset, IdSala) values ('34815742-ef14-42bb-9f2d-07de7a15c193', '4201529c-998a-4a20-8213-551e7229a6a5', '95bf4e64-e6e9-45f7-9d38-3a2d2bf5e7ef', 508);
insert into Estacion (Mouse, Teclado, Headset, IdSala) values ('2692ae2a-6b9a-4785-b837-b321ddebbec2', '082c7010-0465-4493-9e77-6bae1cf8ae2d', '0cd2c59b-e8d5-4df1-b06b-0bebefd91c3f', 581);
insert into Estacion (Mouse, Teclado, Headset, IdSala) values ('7b443774-9258-4d3c-8d44-4925dd1ae0b2', 'd1b31fcb-4e06-4675-9674-5e8129a2ccf3', 'bd3c9394-f5cb-485d-8275-0e15986ea809', 28);
insert into Estacion (Mouse, Teclado, Headset, IdSala) values ('e56a1299-1ee6-4c28-96e1-3116cb69e155', '48150ddb-1613-4a31-a672-1949d7aa96c1', 'ecde1c58-ef83-48af-9856-d571aaafad8d', 423);
insert into Estacion (Mouse, Teclado, Headset, IdSala) values ('2afc3f80-ef75-430d-8f63-4e1e60af0777', 'db115c50-52a8-4b48-b3b9-b584b9300a9b', 'd985abd5-8966-4407-8f6e-32deba36cbde', 199);
insert into Estacion (Mouse, Teclado, Headset, IdSala) values ('b3353f14-fdd8-46d9-bbf3-7d7dc694d2a5', '91acbf8f-1113-4ff3-a3bc-6d8dc25a6a91', '75e33145-4b89-4ec3-8b12-67642ad28fe7', 453);
insert into Estacion (Mouse, Teclado, Headset, IdSala) values ('938ee8e0-e9d8-41b0-8705-1f5dcbfaf303', '8ead0da2-01cc-4d06-bc58-7c86a103f7ce', '2efeccd5-0f3e-4826-80ee-707919febf04', 79);
insert into Estacion (Mouse, Teclado, Headset, IdSala) values ('2683ebc9-dbea-4a2e-823e-8ba3b23fff38', '40fd489a-87ec-4c37-a6b9-279f522e3e53', 'b95b03da-a89a-46b6-997e-5805af28ef05', 450);
insert into Estacion (Mouse, Teclado, Headset, IdSala) values ('a789b80f-778c-46f3-99bf-d4c70526305c', '7a7e8e81-a9ff-48bf-9806-3e53bde298ef', '3857dafa-69c3-4923-9e85-aac0baac15cf', 74);
insert into Estacion (Mouse, Teclado, Headset, IdSala) values ('8a885829-7c36-404c-a8e6-4d7aa23ea69a', 'd1700bb9-653d-4b85-9e77-a92c454b97aa', '4d5977b5-0017-426b-b988-d65b6dcc33dd', 372);
insert into Estacion (Mouse, Teclado, Headset, IdSala) values ('fa8b6b3b-dd1e-47dd-b12b-8233ede7e8e4', '40237f43-1a82-40b5-a2b5-1aa43e6f6b95', '1219f6a6-c368-482f-a6ec-516f14efcf10', 423);
